"from","to","weight"
"Constanze KREHL (DEU-SD)","Antonio TAJANI (ITA-EPP)",1
"Constanze KREHL (DEU-SD)","Raffaele FITTO (ITA-ECR)",1
"Constanze KREHL (DEU-SD)","Lefteris CHRISTOFOROU (CYP-EPP)",1
"Constanze KREHL (DEU-SD)","Ismail ERTUG (DEU-SD)",1
"Constanze KREHL (DEU-SD)","Michal ŠIMEČKA (SVK-RENEW)",1
"Constanze KREHL (DEU-SD)","Eric ANDRIEU (FRA-SD)",1
"Constanze KREHL (DEU-SD)","Eleonora EVI (ITA-GREEN_EFA)",1
"Constanze KREHL (DEU-SD)","Simona BONAFÈ (ITA-SD)",1
"Constanze KREHL (DEU-SD)","Jytte GUTELAND (SWE-SD)",1
"Constanze KREHL (DEU-SD)","Annie SCHREIJER-PIERIK (NLD-EPP)",1
"Constanze KREHL (DEU-SD)","Nikos ANDROULAKIS (GRC-SD)",1
"Constanze KREHL (DEU-SD)","Chrysoula ZACHAROPOULOU (FRA-RENEW)",1
"Constanze KREHL (DEU-SD)","Luis GARICANO (ESP-RENEW)",1
"Constanze KREHL (DEU-SD)","Søren GADE (DNK-RENEW)",1
"Constanze KREHL (DEU-SD)","Pierfrancesco MAJORINO (ITA-SD)",1
"Constanze KREHL (DEU-SD)","Carlo CALENDA (ITA-SD)",1
"Constanze KREHL (DEU-SD)","Bettina VOLLATH (AUT-SD)",1
"Constanze KREHL (DEU-SD)","Pernando BARRENA ARZA (ESP-GUE_NGL)",1
"Constanze KREHL (DEU-SD)","Manuel PIZARRO (PRT-SD)",1
"Constanze KREHL (DEU-SD)","Adriana MALDONADO LÓPEZ (ESP-SD)",1
"Constanze KREHL (DEU-SD)","Álvaro AMARO (PRT-EPP)",1
"Constanze KREHL (DEU-SD)","Andrea CAROPPO (ITA-EPP)",1
"Antonio TAJANI (ITA-EPP)","Raffaele FITTO (ITA-ECR)",1
"Antonio TAJANI (ITA-EPP)","Lefteris CHRISTOFOROU (CYP-EPP)",1
"Antonio TAJANI (ITA-EPP)","Aldo PATRICIELLO (ITA-EPP)",1
"Antonio TAJANI (ITA-EPP)","Ismail ERTUG (DEU-SD)",1
"Antonio TAJANI (ITA-EPP)","Mara BIZZOTTO (ITA-ID)",1
"Antonio TAJANI (ITA-EPP)","Michal ŠIMEČKA (SVK-RENEW)",1
"Antonio TAJANI (ITA-EPP)","Eric ANDRIEU (FRA-SD)",1
"Antonio TAJANI (ITA-EPP)","Eleonora EVI (ITA-GREEN_EFA)",1
"Antonio TAJANI (ITA-EPP)","Simona BONAFÈ (ITA-SD)",1
"Antonio TAJANI (ITA-EPP)","Jytte GUTELAND (SWE-SD)",1
"Antonio TAJANI (ITA-EPP)","Annie SCHREIJER-PIERIK (NLD-EPP)",1
"Antonio TAJANI (ITA-EPP)","Nikos ANDROULAKIS (GRC-SD)",1
"Antonio TAJANI (ITA-EPP)","Christophe HANSEN (LUX-EPP)",1
"Antonio TAJANI (ITA-EPP)","Bartosz ARŁUKOWICZ (POL-EPP)",1
"Antonio TAJANI (ITA-EPP)","Chrysoula ZACHAROPOULOU (FRA-RENEW)",1
"Antonio TAJANI (ITA-EPP)","Luis GARICANO (ESP-RENEW)",1
"Antonio TAJANI (ITA-EPP)","Søren GADE (DNK-RENEW)",1
"Antonio TAJANI (ITA-EPP)","Peter KOFOD (DNK-ID)",1
"Antonio TAJANI (ITA-EPP)","Pierfrancesco MAJORINO (ITA-SD)",1
"Antonio TAJANI (ITA-EPP)","Hélène LAPORTE (FRA-ID)",1
"Antonio TAJANI (ITA-EPP)","Marco DREOSTO (ITA-ID)",1
"Antonio TAJANI (ITA-EPP)","Carlo CALENDA (ITA-SD)",1
"Antonio TAJANI (ITA-EPP)","Simone SCHMIEDTBAUER (AUT-EPP)",1
"Antonio TAJANI (ITA-EPP)","Bettina VOLLATH (AUT-SD)",1
"Antonio TAJANI (ITA-EPP)","Pernando BARRENA ARZA (ESP-GUE_NGL)",1
"Antonio TAJANI (ITA-EPP)","Manuel PIZARRO (PRT-SD)",1
"Antonio TAJANI (ITA-EPP)","Adriana MALDONADO LÓPEZ (ESP-SD)",1
"Antonio TAJANI (ITA-EPP)","Álvaro AMARO (PRT-EPP)",1
"Antonio TAJANI (ITA-EPP)","Simona BALDASSARRE (ITA-ID)",1
"Antonio TAJANI (ITA-EPP)","Luisa REGIMENTI (ITA-ID)",1
"Antonio TAJANI (ITA-EPP)","Andrea CAROPPO (ITA-EPP)",1
"Frédérique RIES (BEL-RENEW)","Christophe HANSEN (LUX-EPP)",1
"Raffaele FITTO (ITA-ECR)","Lefteris CHRISTOFOROU (CYP-EPP)",1
"Raffaele FITTO (ITA-ECR)","Zbigniew KUŹMIUK (POL-ECR)",1
"Raffaele FITTO (ITA-ECR)","Aldo PATRICIELLO (ITA-EPP)",1
"Raffaele FITTO (ITA-ECR)","Mara BIZZOTTO (ITA-ID)",1
"Raffaele FITTO (ITA-ECR)","Joëlle MÉLIN (FRA-ID)",1
"Raffaele FITTO (ITA-ECR)","Eleonora EVI (ITA-GREEN_EFA)",1
"Raffaele FITTO (ITA-ECR)","Simona BONAFÈ (ITA-SD)",1
"Raffaele FITTO (ITA-ECR)","Jytte GUTELAND (SWE-SD)",1
"Raffaele FITTO (ITA-ECR)","Annie SCHREIJER-PIERIK (NLD-EPP)",1
"Raffaele FITTO (ITA-ECR)","Nikos ANDROULAKIS (GRC-SD)",1
"Raffaele FITTO (ITA-ECR)","Chrysoula ZACHAROPOULOU (FRA-RENEW)",1
"Raffaele FITTO (ITA-ECR)","Luis GARICANO (ESP-RENEW)",1
"Raffaele FITTO (ITA-ECR)","Søren GADE (DNK-RENEW)",1
"Raffaele FITTO (ITA-ECR)","Peter KOFOD (DNK-ID)",1
"Raffaele FITTO (ITA-ECR)","Pierfrancesco MAJORINO (ITA-SD)",1
"Raffaele FITTO (ITA-ECR)","Pietro FIOCCHI (ITA-ECR)",1
"Raffaele FITTO (ITA-ECR)","Marco DREOSTO (ITA-ID)",1
"Raffaele FITTO (ITA-ECR)","Carlo CALENDA (ITA-SD)",1
"Raffaele FITTO (ITA-ECR)","Bettina VOLLATH (AUT-SD)",1
"Raffaele FITTO (ITA-ECR)","Manuel PIZARRO (PRT-SD)",1
"Raffaele FITTO (ITA-ECR)","Simona BALDASSARRE (ITA-ID)",1
"Raffaele FITTO (ITA-ECR)","Luisa REGIMENTI (ITA-ID)",1
"Raffaele FITTO (ITA-ECR)","Andrea CAROPPO (ITA-EPP)",1
"Sergio BERLATO (ITA-ECR)","Anna FOTYGA (POL-ECR)",1
"Sergio BERLATO (ITA-ECR)","Carlo FIDANZA (ITA-ECR)",1
"Sergio BERLATO (ITA-ECR)","Pietro FIOCCHI (ITA-ECR)",1
"Sergio BERLATO (ITA-ECR)","Nicola PROCACCINI (ITA-ECR)",1
"Sergio BERLATO (ITA-ECR)","Raffaele STANCANELLI (ITA-ECR)",1
"Sergio BERLATO (ITA-ECR)","Vincenzo SOFO (ITA-ECR)",1
"Kateřina KONEČNÁ (CZE-GUE_NGL)","Helmut SCHOLZ (DEU-GUE_NGL)",1
"Kateřina KONEČNÁ (CZE-GUE_NGL)","Marisa MATIAS (PRT-GUE_NGL)",1
"Kateřina KONEČNÁ (CZE-GUE_NGL)","Cornelia ERNST (DEU-GUE_NGL)",1
"Kateřina KONEČNÁ (CZE-GUE_NGL)","Martina MICHELS (DEU-GUE_NGL)",1
"Kateřina KONEČNÁ (CZE-GUE_NGL)","Luke Ming FLANAGAN (IRL-GUE_NGL)",1
"Kateřina KONEČNÁ (CZE-GUE_NGL)","Anja HAZEKAMP (NLD-GUE_NGL)",1
"Kateřina KONEČNÁ (CZE-GUE_NGL)","Miguel URBÁN CRESPO (ESP-GUE_NGL)",1
"Kateřina KONEČNÁ (CZE-GUE_NGL)","Marc BOTENGA (BEL-GUE_NGL)",1
"Kateřina KONEČNÁ (CZE-GUE_NGL)","Martin SCHIRDEWAN (DEU-GUE_NGL)",1
"Kateřina KONEČNÁ (CZE-GUE_NGL)","Niyazi KIZILYÜREK (CYP-GUE_NGL)",1
"Kateřina KONEČNÁ (CZE-GUE_NGL)","Giorgos GEORGIOU (CYP-GUE_NGL)",1
"Kateřina KONEČNÁ (CZE-GUE_NGL)","Özlem DEMIREL (DEU-GUE_NGL)",1
"Kateřina KONEČNÁ (CZE-GUE_NGL)","Sira REGO (ESP-GUE_NGL)",1
"Kateřina KONEČNÁ (CZE-GUE_NGL)","Clare DALY (IRL-GUE_NGL)",1
"Kateřina KONEČNÁ (CZE-GUE_NGL)","Eugenia RODRÍGUEZ PALOP (ESP-GUE_NGL)",1
"Kateřina KONEČNÁ (CZE-GUE_NGL)","Silvia MODIG (FIN-GUE_NGL)",1
"Kateřina KONEČNÁ (CZE-GUE_NGL)","Mick WALLACE (IRL-GUE_NGL)",1
"Kateřina KONEČNÁ (CZE-GUE_NGL)","Idoia VILLANUEVA RUIZ (ESP-GUE_NGL)",1
"Jan ZAHRADIL (CZE-ECR)","Evžen TOŠENOVSKÝ (CZE-ECR)",1
"Jan ZAHRADIL (CZE-ECR)","Alexandr VONDRA (CZE-ECR)",1
"Jan ZAHRADIL (CZE-ECR)","Veronika VRECIONOVÁ (CZE-ECR)",1
"Adam BIELAN (POL-ECR)","Jacek SARYUSZ-WOLSKI (POL-ECR)",1
"Adam BIELAN (POL-ECR)","Anna FOTYGA (POL-ECR)",1
"Adam BIELAN (POL-ECR)","Ryszard CZARNECKI (POL-ECR)",1
"Adam BIELAN (POL-ECR)","Zbigniew KUŹMIUK (POL-ECR)",1
"Adam BIELAN (POL-ECR)","Ryszard Antoni LEGUTKO (POL-ECR)",1
"Adam BIELAN (POL-ECR)","Tomasz Piotr PORĘBA (POL-ECR)",1
"Adam BIELAN (POL-ECR)","Angel DZHAMBAZKI (BGR-ECR)",1
"Adam BIELAN (POL-ECR)","Jadwiga WIŚNIEWSKA (POL-ECR)",1
"Adam BIELAN (POL-ECR)","Kosma ZŁOTOWSKI (POL-ECR)",1
"Adam BIELAN (POL-ECR)","Karol KARSKI (POL-ECR)",1
"Adam BIELAN (POL-ECR)","Zdzisław KRASNODĘBSKI (POL-ECR)",1
"Adam BIELAN (POL-ECR)","Joachim Stanisław BRUDZIŃSKI (POL-ECR)",1
"Adam BIELAN (POL-ECR)","Patryk JAKI (POL-ECR)",1
"Adam BIELAN (POL-ECR)","Krzysztof JURGIEL (POL-ECR)",1
"Adam BIELAN (POL-ECR)","Beata KEMPA (POL-ECR)",1
"Adam BIELAN (POL-ECR)","Izabela-Helena KLOC (POL-ECR)",1
"Adam BIELAN (POL-ECR)","Joanna KOPCIŃSKA (POL-ECR)",1
"Adam BIELAN (POL-ECR)","Elżbieta KRUK (POL-ECR)",1
"Adam BIELAN (POL-ECR)","Beata MAZUREK (POL-ECR)",1
"Adam BIELAN (POL-ECR)","Andżelika Anna MOŻDŻANOWSKA (POL-ECR)",1
"Adam BIELAN (POL-ECR)","Elżbieta RAFALSKA (POL-ECR)",1
"Adam BIELAN (POL-ECR)","Bogdan RZOŃCA (POL-ECR)",1
"Adam BIELAN (POL-ECR)","Beata SZYDŁO (POL-ECR)",1
"Adam BIELAN (POL-ECR)","Grzegorz TOBISZOWSKI (POL-ECR)",1
"Adam BIELAN (POL-ECR)","Witold Jan WASZCZYKOWSKI (POL-ECR)",1
"Adam BIELAN (POL-ECR)","Anna ZALEWSKA (POL-ECR)",1
"Adam BIELAN (POL-ECR)","Pietro FIOCCHI (ITA-ECR)",1
"Adam BIELAN (POL-ECR)","Dominik TARCZYŃSKI (POL-ECR)",1
"Emmanuel MAUREL (FRA-GUE_NGL)","Leila CHAIBI (FRA-GUE_NGL)",1
"Emmanuel MAUREL (FRA-GUE_NGL)","Manon AUBRY (FRA-GUE_NGL)",1
"Lefteris CHRISTOFOROU (CYP-EPP)","Aldo PATRICIELLO (ITA-EPP)",1
"Lefteris CHRISTOFOROU (CYP-EPP)","Ismail ERTUG (DEU-SD)",1
"Lefteris CHRISTOFOROU (CYP-EPP)","Mara BIZZOTTO (ITA-ID)",1
"Lefteris CHRISTOFOROU (CYP-EPP)","Michal ŠIMEČKA (SVK-RENEW)",1
"Lefteris CHRISTOFOROU (CYP-EPP)","Eric ANDRIEU (FRA-SD)",1
"Lefteris CHRISTOFOROU (CYP-EPP)","Eleonora EVI (ITA-GREEN_EFA)",1
"Lefteris CHRISTOFOROU (CYP-EPP)","Simona BONAFÈ (ITA-SD)",1
"Lefteris CHRISTOFOROU (CYP-EPP)","Jytte GUTELAND (SWE-SD)",1
"Lefteris CHRISTOFOROU (CYP-EPP)","Annie SCHREIJER-PIERIK (NLD-EPP)",1
"Lefteris CHRISTOFOROU (CYP-EPP)","Nikos ANDROULAKIS (GRC-SD)",1
"Lefteris CHRISTOFOROU (CYP-EPP)","Christophe HANSEN (LUX-EPP)",1
"Lefteris CHRISTOFOROU (CYP-EPP)","Bartosz ARŁUKOWICZ (POL-EPP)",1
"Lefteris CHRISTOFOROU (CYP-EPP)","Chrysoula ZACHAROPOULOU (FRA-RENEW)",1
"Lefteris CHRISTOFOROU (CYP-EPP)","Agnès EVREN (FRA-EPP)",1
"Lefteris CHRISTOFOROU (CYP-EPP)","Luis GARICANO (ESP-RENEW)",1
"Lefteris CHRISTOFOROU (CYP-EPP)","Søren GADE (DNK-RENEW)",1
"Lefteris CHRISTOFOROU (CYP-EPP)","Pierfrancesco MAJORINO (ITA-SD)",1
"Lefteris CHRISTOFOROU (CYP-EPP)","Marco DREOSTO (ITA-ID)",1
"Lefteris CHRISTOFOROU (CYP-EPP)","Carlo CALENDA (ITA-SD)",1
"Lefteris CHRISTOFOROU (CYP-EPP)","Simone SCHMIEDTBAUER (AUT-EPP)",1
"Lefteris CHRISTOFOROU (CYP-EPP)","Bettina VOLLATH (AUT-SD)",1
"Lefteris CHRISTOFOROU (CYP-EPP)","Manuel PIZARRO (PRT-SD)",1
"Lefteris CHRISTOFOROU (CYP-EPP)","Adriana MALDONADO LÓPEZ (ESP-SD)",1
"Lefteris CHRISTOFOROU (CYP-EPP)","Álvaro AMARO (PRT-EPP)",1
"Lefteris CHRISTOFOROU (CYP-EPP)","Luisa REGIMENTI (ITA-ID)",1
"Lefteris CHRISTOFOROU (CYP-EPP)","Andrea CAROPPO (ITA-EPP)",1
"Jacek SARYUSZ-WOLSKI (POL-ECR)","Anna FOTYGA (POL-ECR)",1
"Jacek SARYUSZ-WOLSKI (POL-ECR)","Ryszard CZARNECKI (POL-ECR)",1
"Jacek SARYUSZ-WOLSKI (POL-ECR)","Ryszard Antoni LEGUTKO (POL-ECR)",1
"Jacek SARYUSZ-WOLSKI (POL-ECR)","Tomasz Piotr PORĘBA (POL-ECR)",1
"Jacek SARYUSZ-WOLSKI (POL-ECR)","Angel DZHAMBAZKI (BGR-ECR)",1
"Jacek SARYUSZ-WOLSKI (POL-ECR)","Jadwiga WIŚNIEWSKA (POL-ECR)",1
"Jacek SARYUSZ-WOLSKI (POL-ECR)","Kosma ZŁOTOWSKI (POL-ECR)",1
"Jacek SARYUSZ-WOLSKI (POL-ECR)","Karol KARSKI (POL-ECR)",1
"Jacek SARYUSZ-WOLSKI (POL-ECR)","Zdzisław KRASNODĘBSKI (POL-ECR)",1
"Jacek SARYUSZ-WOLSKI (POL-ECR)","Joachim Stanisław BRUDZIŃSKI (POL-ECR)",1
"Jacek SARYUSZ-WOLSKI (POL-ECR)","Patryk JAKI (POL-ECR)",1
"Jacek SARYUSZ-WOLSKI (POL-ECR)","Krzysztof JURGIEL (POL-ECR)",1
"Jacek SARYUSZ-WOLSKI (POL-ECR)","Beata KEMPA (POL-ECR)",1
"Jacek SARYUSZ-WOLSKI (POL-ECR)","Izabela-Helena KLOC (POL-ECR)",1
"Jacek SARYUSZ-WOLSKI (POL-ECR)","Joanna KOPCIŃSKA (POL-ECR)",1
"Jacek SARYUSZ-WOLSKI (POL-ECR)","Elżbieta KRUK (POL-ECR)",1
"Jacek SARYUSZ-WOLSKI (POL-ECR)","Beata MAZUREK (POL-ECR)",1
"Jacek SARYUSZ-WOLSKI (POL-ECR)","Andżelika Anna MOŻDŻANOWSKA (POL-ECR)",1
"Jacek SARYUSZ-WOLSKI (POL-ECR)","Elżbieta RAFALSKA (POL-ECR)",1
"Jacek SARYUSZ-WOLSKI (POL-ECR)","Bogdan RZOŃCA (POL-ECR)",1
"Jacek SARYUSZ-WOLSKI (POL-ECR)","Beata SZYDŁO (POL-ECR)",1
"Jacek SARYUSZ-WOLSKI (POL-ECR)","Grzegorz TOBISZOWSKI (POL-ECR)",1
"Jacek SARYUSZ-WOLSKI (POL-ECR)","Witold Jan WASZCZYKOWSKI (POL-ECR)",1
"Jacek SARYUSZ-WOLSKI (POL-ECR)","Anna ZALEWSKA (POL-ECR)",1
"Jacek SARYUSZ-WOLSKI (POL-ECR)","Andrey SLABAKOV (BGR-ECR)",1
"Jacek SARYUSZ-WOLSKI (POL-ECR)","Dominik TARCZYŃSKI (POL-ECR)",1
"Anna FOTYGA (POL-ECR)","Ryszard CZARNECKI (POL-ECR)",1
"Anna FOTYGA (POL-ECR)","Ryszard Antoni LEGUTKO (POL-ECR)",1
"Anna FOTYGA (POL-ECR)","Tomasz Piotr PORĘBA (POL-ECR)",1
"Anna FOTYGA (POL-ECR)","Jadwiga WIŚNIEWSKA (POL-ECR)",1
"Anna FOTYGA (POL-ECR)","Kosma ZŁOTOWSKI (POL-ECR)",1
"Anna FOTYGA (POL-ECR)","Karol KARSKI (POL-ECR)",1
"Anna FOTYGA (POL-ECR)","Zdzisław KRASNODĘBSKI (POL-ECR)",1
"Anna FOTYGA (POL-ECR)","Joachim Stanisław BRUDZIŃSKI (POL-ECR)",1
"Anna FOTYGA (POL-ECR)","Patryk JAKI (POL-ECR)",1
"Anna FOTYGA (POL-ECR)","Krzysztof JURGIEL (POL-ECR)",1
"Anna FOTYGA (POL-ECR)","Beata KEMPA (POL-ECR)",1
"Anna FOTYGA (POL-ECR)","Izabela-Helena KLOC (POL-ECR)",1
"Anna FOTYGA (POL-ECR)","Joanna KOPCIŃSKA (POL-ECR)",1
"Anna FOTYGA (POL-ECR)","Elżbieta KRUK (POL-ECR)",1
"Anna FOTYGA (POL-ECR)","Beata MAZUREK (POL-ECR)",1
"Anna FOTYGA (POL-ECR)","Andżelika Anna MOŻDŻANOWSKA (POL-ECR)",1
"Anna FOTYGA (POL-ECR)","Elżbieta RAFALSKA (POL-ECR)",1
"Anna FOTYGA (POL-ECR)","Bogdan RZOŃCA (POL-ECR)",1
"Anna FOTYGA (POL-ECR)","Beata SZYDŁO (POL-ECR)",1
"Anna FOTYGA (POL-ECR)","Grzegorz TOBISZOWSKI (POL-ECR)",1
"Anna FOTYGA (POL-ECR)","Witold Jan WASZCZYKOWSKI (POL-ECR)",1
"Anna FOTYGA (POL-ECR)","Anna ZALEWSKA (POL-ECR)",1
"Anna FOTYGA (POL-ECR)","Dominik TARCZYŃSKI (POL-ECR)",1
"Ryszard CZARNECKI (POL-ECR)","Zbigniew KUŹMIUK (POL-ECR)",1
"Ryszard CZARNECKI (POL-ECR)","Ryszard Antoni LEGUTKO (POL-ECR)",1
"Ryszard CZARNECKI (POL-ECR)","Tomasz Piotr PORĘBA (POL-ECR)",1
"Ryszard CZARNECKI (POL-ECR)","Jadwiga WIŚNIEWSKA (POL-ECR)",1
"Ryszard CZARNECKI (POL-ECR)","Kosma ZŁOTOWSKI (POL-ECR)",1
"Ryszard CZARNECKI (POL-ECR)","Karol KARSKI (POL-ECR)",1
"Ryszard CZARNECKI (POL-ECR)","Zdzisław KRASNODĘBSKI (POL-ECR)",1
"Ryszard CZARNECKI (POL-ECR)","Joachim Stanisław BRUDZIŃSKI (POL-ECR)",1
"Ryszard CZARNECKI (POL-ECR)","Patryk JAKI (POL-ECR)",1
"Ryszard CZARNECKI (POL-ECR)","Krzysztof JURGIEL (POL-ECR)",1
"Ryszard CZARNECKI (POL-ECR)","Beata KEMPA (POL-ECR)",1
"Ryszard CZARNECKI (POL-ECR)","Izabela-Helena KLOC (POL-ECR)",1
"Ryszard CZARNECKI (POL-ECR)","Joanna KOPCIŃSKA (POL-ECR)",1
"Ryszard CZARNECKI (POL-ECR)","Elżbieta KRUK (POL-ECR)",1
"Ryszard CZARNECKI (POL-ECR)","Beata MAZUREK (POL-ECR)",1
"Ryszard CZARNECKI (POL-ECR)","Andżelika Anna MOŻDŻANOWSKA (POL-ECR)",1
"Ryszard CZARNECKI (POL-ECR)","Elżbieta RAFALSKA (POL-ECR)",1
"Ryszard CZARNECKI (POL-ECR)","Bogdan RZOŃCA (POL-ECR)",1
"Ryszard CZARNECKI (POL-ECR)","Beata SZYDŁO (POL-ECR)",1
"Ryszard CZARNECKI (POL-ECR)","Grzegorz TOBISZOWSKI (POL-ECR)",1
"Ryszard CZARNECKI (POL-ECR)","Witold Jan WASZCZYKOWSKI (POL-ECR)",1
"Ryszard CZARNECKI (POL-ECR)","Anna ZALEWSKA (POL-ECR)",1
"Ryszard CZARNECKI (POL-ECR)","Dominik TARCZYŃSKI (POL-ECR)",1
"Zbigniew KUŹMIUK (POL-ECR)","Ryszard Antoni LEGUTKO (POL-ECR)",1
"Zbigniew KUŹMIUK (POL-ECR)","Tomasz Piotr PORĘBA (POL-ECR)",1
"Zbigniew KUŹMIUK (POL-ECR)","Peter van DALEN (NLD-EPP)",1
"Zbigniew KUŹMIUK (POL-ECR)","Angel DZHAMBAZKI (BGR-ECR)",1
"Zbigniew KUŹMIUK (POL-ECR)","Jadwiga WIŚNIEWSKA (POL-ECR)",1
"Zbigniew KUŹMIUK (POL-ECR)","Kosma ZŁOTOWSKI (POL-ECR)",1
"Zbigniew KUŹMIUK (POL-ECR)","Karol KARSKI (POL-ECR)",1
"Zbigniew KUŹMIUK (POL-ECR)","Zdzisław KRASNODĘBSKI (POL-ECR)",1
"Zbigniew KUŹMIUK (POL-ECR)","Krzysztof HETMAN (POL-EPP)",1
"Zbigniew KUŹMIUK (POL-ECR)","Joachim Stanisław BRUDZIŃSKI (POL-ECR)",1
"Zbigniew KUŹMIUK (POL-ECR)","Krzysztof JURGIEL (POL-ECR)",1
"Zbigniew KUŹMIUK (POL-ECR)","Joanna KOPCIŃSKA (POL-ECR)",1
"Zbigniew KUŹMIUK (POL-ECR)","Elżbieta KRUK (POL-ECR)",1
"Zbigniew KUŹMIUK (POL-ECR)","Beata MAZUREK (POL-ECR)",1
"Zbigniew KUŹMIUK (POL-ECR)","Elżbieta RAFALSKA (POL-ECR)",1
"Zbigniew KUŹMIUK (POL-ECR)","Bogdan RZOŃCA (POL-ECR)",1
"Zbigniew KUŹMIUK (POL-ECR)","Beata SZYDŁO (POL-ECR)",1
"Zbigniew KUŹMIUK (POL-ECR)","Grzegorz TOBISZOWSKI (POL-ECR)",1
"Zbigniew KUŹMIUK (POL-ECR)","Anna ZALEWSKA (POL-ECR)",1
"Zbigniew KUŹMIUK (POL-ECR)","Dominik TARCZYŃSKI (POL-ECR)",1
"Dimitrios PAPADIMOULIS (GRC-GUE_NGL)","Stelios KOULOGLOU (GRC-GUE_NGL)",1
"Dimitrios PAPADIMOULIS (GRC-GUE_NGL)","Konstantinos ARVANITIS (GRC-GUE_NGL)",1
"Dimitrios PAPADIMOULIS (GRC-GUE_NGL)","Petros KOKKALIS (GRC-GUE_NGL)",1
"Roberts ZĪLE (LVA-ECR)","Ryszard Antoni LEGUTKO (POL-ECR)",1
"Tatjana ŽDANOKA (LVA-GREEN_EFA)","Clare DALY (IRL-GUE_NGL)",1
"Tatjana ŽDANOKA (LVA-GREEN_EFA)","Mick WALLACE (IRL-GUE_NGL)",1
"Marco CAMPOMENOSI (ITA-ID)","Alessandro PANZA (ITA-ID)",1
"Marco CAMPOMENOSI (ITA-ID)","Paolo BORCHIA (ITA-ID)",1
"Marco CAMPOMENOSI (ITA-ID)","Marco ZANNI (ITA-ID)",1
"Marco CAMPOMENOSI (ITA-ID)","Angelo CIOCCA (ITA-ID)",1
"Marco CAMPOMENOSI (ITA-ID)","Danilo Oscar LANCINI (ITA-ID)",1
"Marco CAMPOMENOSI (ITA-ID)","Silvia SARDONE (ITA-ID)",1
"Marco CAMPOMENOSI (ITA-ID)","Isabella TOVAGLIERI (ITA-ID)",1
"Marco CAMPOMENOSI (ITA-ID)","Gianna GANCIA (ITA-ID)",1
"Marco CAMPOMENOSI (ITA-ID)","Stefania ZAMBELLI (ITA-ID)",1
"Marco CAMPOMENOSI (ITA-ID)","Gianantonio DA RE (ITA-ID)",1
"Marco CAMPOMENOSI (ITA-ID)","Alessandra BASSO (ITA-ID)",1
"Marco CAMPOMENOSI (ITA-ID)","Elena LIZZI (ITA-ID)",1
"Marco CAMPOMENOSI (ITA-ID)","Rosanna CONTE (ITA-ID)",1
"Marco CAMPOMENOSI (ITA-ID)","Susanna CECCARDI (ITA-ID)",1
"Marco CAMPOMENOSI (ITA-ID)","Antonio Maria RINALDI (ITA-ID)",1
"Marco CAMPOMENOSI (ITA-ID)","Anna BONFRISCO (ITA-ID)",1
"Marco CAMPOMENOSI (ITA-ID)","Massimo CASANOVA (ITA-ID)",1
"Marco CAMPOMENOSI (ITA-ID)","Valentino GRANT (ITA-ID)",1
"Marco CAMPOMENOSI (ITA-ID)","Annalisa TARDINO (ITA-ID)",1
"Marco CAMPOMENOSI (ITA-ID)","Matteo ADINOLFI (ITA-ID)",1
"Aldo PATRICIELLO (ITA-EPP)","Simona BONAFÈ (ITA-SD)",1
"Aldo PATRICIELLO (ITA-EPP)","Annie SCHREIJER-PIERIK (NLD-EPP)",1
"Aldo PATRICIELLO (ITA-EPP)","Chrysoula ZACHAROPOULOU (FRA-RENEW)",1
"Aldo PATRICIELLO (ITA-EPP)","Søren GADE (DNK-RENEW)",1
"Aldo PATRICIELLO (ITA-EPP)","Manuel PIZARRO (PRT-SD)",1
"Georg MAYER (AUT-ID)","Gerolf ANNEMANS (BEL-ID)",1
"Georg MAYER (AUT-ID)","Harald VILIMSKY (AUT-ID)",1
"Georg MAYER (AUT-ID)","Markus BUCHHEIT (DEU-ID)",1
"Georg MAYER (AUT-ID)","Tom VANDENDRIESSCHE (BEL-ID)",1
"Georg MAYER (AUT-ID)","Filip DE MAN (BEL-ID)",1
"Georg MAYER (AUT-ID)","Nicolaus FEST (DEU-ID)",1
"Georg MAYER (AUT-ID)","Maximilian KRAH (DEU-ID)",1
"Georg MAYER (AUT-ID)","Joachim KUHS (DEU-ID)",1
"Georg MAYER (AUT-ID)","Sylvia LIMMER (DEU-ID)",1
"Georg MAYER (AUT-ID)","Guido REIL (DEU-ID)",1
"Georg MAYER (AUT-ID)","Bernhard ZIMNIOK (DEU-ID)",1
"Georg MAYER (AUT-ID)","Jaak MADISON (EST-ID)",1
"Georg MAYER (AUT-ID)","Robert ROOS (NLD-ECR)",1
"Georg MAYER (AUT-ID)","Roman HAIDER (AUT-ID)",1
"José GUSMÃO (PRT-GUE_NGL)","Helmut SCHOLZ (DEU-GUE_NGL)",1
"José GUSMÃO (PRT-GUE_NGL)","Marisa MATIAS (PRT-GUE_NGL)",1
"José GUSMÃO (PRT-GUE_NGL)","Cornelia ERNST (DEU-GUE_NGL)",1
"José GUSMÃO (PRT-GUE_NGL)","Martina MICHELS (DEU-GUE_NGL)",1
"José GUSMÃO (PRT-GUE_NGL)","Luke Ming FLANAGAN (IRL-GUE_NGL)",1
"José GUSMÃO (PRT-GUE_NGL)","Miguel URBÁN CRESPO (ESP-GUE_NGL)",1
"José GUSMÃO (PRT-GUE_NGL)","Martin SCHIRDEWAN (DEU-GUE_NGL)",1
"José GUSMÃO (PRT-GUE_NGL)","Özlem DEMIREL (DEU-GUE_NGL)",1
"José GUSMÃO (PRT-GUE_NGL)","Clare DALY (IRL-GUE_NGL)",1
"José GUSMÃO (PRT-GUE_NGL)","Eugenia RODRÍGUEZ PALOP (ESP-GUE_NGL)",1
"José GUSMÃO (PRT-GUE_NGL)","Silvia MODIG (FIN-GUE_NGL)",1
"José GUSMÃO (PRT-GUE_NGL)","Mick WALLACE (IRL-GUE_NGL)",1
"José GUSMÃO (PRT-GUE_NGL)","Idoia VILLANUEVA RUIZ (ESP-GUE_NGL)",1
"José GUSMÃO (PRT-GUE_NGL)","Manu PINEDA (ESP-GUE_NGL)",1
"Catherine GRISET (FRA-ID)","Gilles LEBRETON (FRA-ID)",1
"Catherine GRISET (FRA-ID)","Nicolas BAY (FRA-ID)",1
"Catherine GRISET (FRA-ID)","Joëlle MÉLIN (FRA-ID)",1
"Catherine GRISET (FRA-ID)","Jean-François JALKH (FRA-ID)",1
"Catherine GRISET (FRA-ID)","Dominique BILDE (FRA-ID)",1
"Catherine GRISET (FRA-ID)","Jordan BARDELLA (FRA-ID)",1
"Catherine GRISET (FRA-ID)","Annika BRUNA (FRA-ID)",1
"Catherine GRISET (FRA-ID)","France JAMET (FRA-ID)",1
"Catherine GRISET (FRA-ID)","Hélène LAPORTE (FRA-ID)",1
"Catherine GRISET (FRA-ID)","Jérôme RIVIÈRE (FRA-ID)",1
"Catherine GRISET (FRA-ID)","Thierry MARIANI (FRA-ID)",1
"Catherine GRISET (FRA-ID)","Hervé JUVIN (FRA-ID)",1
"Catherine GRISET (FRA-ID)","Virginie JORON (FRA-ID)",1
"Catherine GRISET (FRA-ID)","Jean-Paul GARRAUD (FRA-ID)",1
"Catherine GRISET (FRA-ID)","Aurélia BEIGNEUX (FRA-ID)",1
"Catherine GRISET (FRA-ID)","Philippe OLIVIER (FRA-ID)",1
"Catherine GRISET (FRA-ID)","André ROUGÉ (FRA-ID)",1
"Catherine GRISET (FRA-ID)","Mathilde ANDROUËT (FRA-ID)",1
"Catherine GRISET (FRA-ID)","Jean-Lin LACAPELLE (FRA-ID)",1
"Helmut SCHOLZ (DEU-GUE_NGL)","Marisa MATIAS (PRT-GUE_NGL)",1
"Helmut SCHOLZ (DEU-GUE_NGL)","Cornelia ERNST (DEU-GUE_NGL)",1
"Helmut SCHOLZ (DEU-GUE_NGL)","Martina MICHELS (DEU-GUE_NGL)",1
"Helmut SCHOLZ (DEU-GUE_NGL)","Luke Ming FLANAGAN (IRL-GUE_NGL)",1
"Helmut SCHOLZ (DEU-GUE_NGL)","Malin BJÖRK (SWE-GUE_NGL)",1
"Helmut SCHOLZ (DEU-GUE_NGL)","Anja HAZEKAMP (NLD-GUE_NGL)",1
"Helmut SCHOLZ (DEU-GUE_NGL)","Miguel URBÁN CRESPO (ESP-GUE_NGL)",1
"Helmut SCHOLZ (DEU-GUE_NGL)","Marc BOTENGA (BEL-GUE_NGL)",1
"Helmut SCHOLZ (DEU-GUE_NGL)","Martin SCHIRDEWAN (DEU-GUE_NGL)",1
"Helmut SCHOLZ (DEU-GUE_NGL)","Niyazi KIZILYÜREK (CYP-GUE_NGL)",1
"Helmut SCHOLZ (DEU-GUE_NGL)","Giorgos GEORGIOU (CYP-GUE_NGL)",1
"Helmut SCHOLZ (DEU-GUE_NGL)","Özlem DEMIREL (DEU-GUE_NGL)",1
"Helmut SCHOLZ (DEU-GUE_NGL)","Anne-Sophie PELLETIER (FRA-GUE_NGL)",1
"Helmut SCHOLZ (DEU-GUE_NGL)","Manon AUBRY (FRA-GUE_NGL)",1
"Helmut SCHOLZ (DEU-GUE_NGL)","Sira REGO (ESP-GUE_NGL)",1
"Helmut SCHOLZ (DEU-GUE_NGL)","Clare DALY (IRL-GUE_NGL)",1
"Helmut SCHOLZ (DEU-GUE_NGL)","Eugenia RODRÍGUEZ PALOP (ESP-GUE_NGL)",1
"Helmut SCHOLZ (DEU-GUE_NGL)","Mick WALLACE (IRL-GUE_NGL)",1
"Helmut SCHOLZ (DEU-GUE_NGL)","Idoia VILLANUEVA RUIZ (ESP-GUE_NGL)",1
"Helmut SCHOLZ (DEU-GUE_NGL)","Manu PINEDA (ESP-GUE_NGL)",1
"Waldemar TOMASZEWSKI (LTU-ECR)","Andżelika Anna MOŻDŻANOWSKA (POL-ECR)",1
"Evžen TOŠENOVSKÝ (CZE-ECR)","Alexandr VONDRA (CZE-ECR)",1
"Evžen TOŠENOVSKÝ (CZE-ECR)","Veronika VRECIONOVÁ (CZE-ECR)",1
"Bas EICKHOUT (NLD-GREEN_EFA)","Erik MARQUARDT (DEU-GREEN_EFA)",1
"Bas EICKHOUT (NLD-GREEN_EFA)","Tineke STRIK (NLD-GREEN_EFA)",1
"Yannick JADOT (FRA-GREEN_EFA)","Ismail ERTUG (DEU-SD)",1
"Yannick JADOT (FRA-GREEN_EFA)","Eric ANDRIEU (FRA-SD)",1
"Yannick JADOT (FRA-GREEN_EFA)","Ernest URTASUN (ESP-GREEN_EFA)",1
"Yannick JADOT (FRA-GREEN_EFA)","Kira Marie PETER-HANSEN (DNK-GREEN_EFA)",1
"Michèle RIVASI (FRA-GREEN_EFA)","Eleonora EVI (ITA-GREEN_EFA)",1
"Michèle RIVASI (FRA-GREEN_EFA)","Ernest URTASUN (ESP-GREEN_EFA)",1
"Martin HÄUSLING (DEU-GREEN_EFA)","Rasmus ANDRESEN (DEU-GREEN_EFA)",1
"Ryszard Antoni LEGUTKO (POL-ECR)","Carlo FIDANZA (ITA-ECR)",1
"Ryszard Antoni LEGUTKO (POL-ECR)","Angel DZHAMBAZKI (BGR-ECR)",1
"Ryszard Antoni LEGUTKO (POL-ECR)","Jadwiga WIŚNIEWSKA (POL-ECR)",1
"Ryszard Antoni LEGUTKO (POL-ECR)","Kosma ZŁOTOWSKI (POL-ECR)",1
"Ryszard Antoni LEGUTKO (POL-ECR)","Karol KARSKI (POL-ECR)",1
"Ryszard Antoni LEGUTKO (POL-ECR)","Zdzisław KRASNODĘBSKI (POL-ECR)",1
"Ryszard Antoni LEGUTKO (POL-ECR)","Joachim Stanisław BRUDZIŃSKI (POL-ECR)",1
"Ryszard Antoni LEGUTKO (POL-ECR)","Krzysztof JURGIEL (POL-ECR)",1
"Ryszard Antoni LEGUTKO (POL-ECR)","Beata KEMPA (POL-ECR)",1
"Ryszard Antoni LEGUTKO (POL-ECR)","Izabela-Helena KLOC (POL-ECR)",1
"Ryszard Antoni LEGUTKO (POL-ECR)","Joanna KOPCIŃSKA (POL-ECR)",1
"Ryszard Antoni LEGUTKO (POL-ECR)","Elżbieta KRUK (POL-ECR)",1
"Ryszard Antoni LEGUTKO (POL-ECR)","Beata MAZUREK (POL-ECR)",1
"Ryszard Antoni LEGUTKO (POL-ECR)","Andżelika Anna MOŻDŻANOWSKA (POL-ECR)",1
"Ryszard Antoni LEGUTKO (POL-ECR)","Elżbieta RAFALSKA (POL-ECR)",1
"Ryszard Antoni LEGUTKO (POL-ECR)","Bogdan RZOŃCA (POL-ECR)",1
"Ryszard Antoni LEGUTKO (POL-ECR)","Beata SZYDŁO (POL-ECR)",1
"Ryszard Antoni LEGUTKO (POL-ECR)","Grzegorz TOBISZOWSKI (POL-ECR)",1
"Ryszard Antoni LEGUTKO (POL-ECR)","Witold Jan WASZCZYKOWSKI (POL-ECR)",1
"Ryszard Antoni LEGUTKO (POL-ECR)","Anna ZALEWSKA (POL-ECR)",1
"Ryszard Antoni LEGUTKO (POL-ECR)","Dominik TARCZYŃSKI (POL-ECR)",1
"Tomasz Piotr PORĘBA (POL-ECR)","Jadwiga WIŚNIEWSKA (POL-ECR)",1
"Tomasz Piotr PORĘBA (POL-ECR)","Kosma ZŁOTOWSKI (POL-ECR)",1
"Tomasz Piotr PORĘBA (POL-ECR)","Zdzisław KRASNODĘBSKI (POL-ECR)",1
"Tomasz Piotr PORĘBA (POL-ECR)","Joachim Stanisław BRUDZIŃSKI (POL-ECR)",1
"Tomasz Piotr PORĘBA (POL-ECR)","Krzysztof JURGIEL (POL-ECR)",1
"Tomasz Piotr PORĘBA (POL-ECR)","Beata KEMPA (POL-ECR)",1
"Tomasz Piotr PORĘBA (POL-ECR)","Izabela-Helena KLOC (POL-ECR)",1
"Tomasz Piotr PORĘBA (POL-ECR)","Joanna KOPCIŃSKA (POL-ECR)",1
"Tomasz Piotr PORĘBA (POL-ECR)","Beata MAZUREK (POL-ECR)",1
"Tomasz Piotr PORĘBA (POL-ECR)","Andżelika Anna MOŻDŻANOWSKA (POL-ECR)",1
"Tomasz Piotr PORĘBA (POL-ECR)","Elżbieta RAFALSKA (POL-ECR)",1
"Tomasz Piotr PORĘBA (POL-ECR)","Bogdan RZOŃCA (POL-ECR)",1
"Tomasz Piotr PORĘBA (POL-ECR)","Beata SZYDŁO (POL-ECR)",1
"Tomasz Piotr PORĘBA (POL-ECR)","Grzegorz TOBISZOWSKI (POL-ECR)",1
"Tomasz Piotr PORĘBA (POL-ECR)","Witold Jan WASZCZYKOWSKI (POL-ECR)",1
"Tomasz Piotr PORĘBA (POL-ECR)","Anna ZALEWSKA (POL-ECR)",1
"Tomasz Piotr PORĘBA (POL-ECR)","Raffaele STANCANELLI (ITA-ECR)",1
"Tomasz Piotr PORĘBA (POL-ECR)","Dominik TARCZYŃSKI (POL-ECR)",1
"Peter van DALEN (NLD-EPP)","Krzysztof HETMAN (POL-EPP)",1
"Peter van DALEN (NLD-EPP)","Christophe HANSEN (LUX-EPP)",1
"Peter van DALEN (NLD-EPP)","Erik BERGKVIST (SWE-SD)",1
"Peter van DALEN (NLD-EPP)","Bartosz ARŁUKOWICZ (POL-EPP)",1
"Peter van DALEN (NLD-EPP)","Agnès EVREN (FRA-EPP)",1
"Peter van DALEN (NLD-EPP)","Véronique TRILLET-LENOIR (FRA-RENEW)",1
"Peter van DALEN (NLD-EPP)","Simone SCHMIEDTBAUER (AUT-EPP)",1
"Peter van DALEN (NLD-EPP)","Adriana MALDONADO LÓPEZ (ESP-SD)",1
"Carlo FIDANZA (ITA-ECR)","Pietro FIOCCHI (ITA-ECR)",1
"Carlo FIDANZA (ITA-ECR)","Nicola PROCACCINI (ITA-ECR)",1
"Carlo FIDANZA (ITA-ECR)","Raffaele STANCANELLI (ITA-ECR)",1
"Carlo FIDANZA (ITA-ECR)","Vincenzo SOFO (ITA-ECR)",1
"Marisa MATIAS (PRT-GUE_NGL)","Cornelia ERNST (DEU-GUE_NGL)",1
"Marisa MATIAS (PRT-GUE_NGL)","Martina MICHELS (DEU-GUE_NGL)",1
"Marisa MATIAS (PRT-GUE_NGL)","Luke Ming FLANAGAN (IRL-GUE_NGL)",1
"Marisa MATIAS (PRT-GUE_NGL)","Anja HAZEKAMP (NLD-GUE_NGL)",1
"Marisa MATIAS (PRT-GUE_NGL)","Miguel URBÁN CRESPO (ESP-GUE_NGL)",1
"Marisa MATIAS (PRT-GUE_NGL)","Marc BOTENGA (BEL-GUE_NGL)",1
"Marisa MATIAS (PRT-GUE_NGL)","Martin SCHIRDEWAN (DEU-GUE_NGL)",1
"Marisa MATIAS (PRT-GUE_NGL)","Özlem DEMIREL (DEU-GUE_NGL)",1
"Marisa MATIAS (PRT-GUE_NGL)","Clare DALY (IRL-GUE_NGL)",1
"Marisa MATIAS (PRT-GUE_NGL)","Eugenia RODRÍGUEZ PALOP (ESP-GUE_NGL)",1
"Marisa MATIAS (PRT-GUE_NGL)","Mick WALLACE (IRL-GUE_NGL)",1
"Marisa MATIAS (PRT-GUE_NGL)","Idoia VILLANUEVA RUIZ (ESP-GUE_NGL)",1
"Marisa MATIAS (PRT-GUE_NGL)","Manu PINEDA (ESP-GUE_NGL)",1
"Ismail ERTUG (DEU-SD)","Michal ŠIMEČKA (SVK-RENEW)",1
"Ismail ERTUG (DEU-SD)","Eric ANDRIEU (FRA-SD)",1
"Ismail ERTUG (DEU-SD)","Eleonora EVI (ITA-GREEN_EFA)",1
"Ismail ERTUG (DEU-SD)","Simona BONAFÈ (ITA-SD)",1
"Ismail ERTUG (DEU-SD)","Krzysztof HETMAN (POL-EPP)",1
"Ismail ERTUG (DEU-SD)","Ernest URTASUN (ESP-GREEN_EFA)",1
"Ismail ERTUG (DEU-SD)","Jytte GUTELAND (SWE-SD)",1
"Ismail ERTUG (DEU-SD)","Annie SCHREIJER-PIERIK (NLD-EPP)",1
"Ismail ERTUG (DEU-SD)","Nikos ANDROULAKIS (GRC-SD)",1
"Ismail ERTUG (DEU-SD)","Christophe HANSEN (LUX-EPP)",1
"Ismail ERTUG (DEU-SD)","Erik BERGKVIST (SWE-SD)",1
"Ismail ERTUG (DEU-SD)","Bartosz ARŁUKOWICZ (POL-EPP)",1
"Ismail ERTUG (DEU-SD)","Chrysoula ZACHAROPOULOU (FRA-RENEW)",1
"Ismail ERTUG (DEU-SD)","Agnès EVREN (FRA-EPP)",1
"Ismail ERTUG (DEU-SD)","Luis GARICANO (ESP-RENEW)",1
"Ismail ERTUG (DEU-SD)","Søren GADE (DNK-RENEW)",1
"Ismail ERTUG (DEU-SD)","Pierfrancesco MAJORINO (ITA-SD)",1
"Ismail ERTUG (DEU-SD)","Véronique TRILLET-LENOIR (FRA-RENEW)",1
"Ismail ERTUG (DEU-SD)","Carlo CALENDA (ITA-SD)",1
"Ismail ERTUG (DEU-SD)","Simone SCHMIEDTBAUER (AUT-EPP)",1
"Ismail ERTUG (DEU-SD)","Bettina VOLLATH (AUT-SD)",1
"Ismail ERTUG (DEU-SD)","Manuel PIZARRO (PRT-SD)",1
"Ismail ERTUG (DEU-SD)","Adriana MALDONADO LÓPEZ (ESP-SD)",1
"Cornelia ERNST (DEU-GUE_NGL)","Martina MICHELS (DEU-GUE_NGL)",1
"Cornelia ERNST (DEU-GUE_NGL)","Luke Ming FLANAGAN (IRL-GUE_NGL)",1
"Cornelia ERNST (DEU-GUE_NGL)","Malin BJÖRK (SWE-GUE_NGL)",1
"Cornelia ERNST (DEU-GUE_NGL)","Anja HAZEKAMP (NLD-GUE_NGL)",1
"Cornelia ERNST (DEU-GUE_NGL)","Miguel URBÁN CRESPO (ESP-GUE_NGL)",1
"Cornelia ERNST (DEU-GUE_NGL)","Marc BOTENGA (BEL-GUE_NGL)",1
"Cornelia ERNST (DEU-GUE_NGL)","Martin SCHIRDEWAN (DEU-GUE_NGL)",1
"Cornelia ERNST (DEU-GUE_NGL)","Giorgos GEORGIOU (CYP-GUE_NGL)",1
"Cornelia ERNST (DEU-GUE_NGL)","Özlem DEMIREL (DEU-GUE_NGL)",1
"Cornelia ERNST (DEU-GUE_NGL)","Leila CHAIBI (FRA-GUE_NGL)",1
"Cornelia ERNST (DEU-GUE_NGL)","Manon AUBRY (FRA-GUE_NGL)",1
"Cornelia ERNST (DEU-GUE_NGL)","Clare DALY (IRL-GUE_NGL)",1
"Cornelia ERNST (DEU-GUE_NGL)","Eugenia RODRÍGUEZ PALOP (ESP-GUE_NGL)",1
"Cornelia ERNST (DEU-GUE_NGL)","Silvia MODIG (FIN-GUE_NGL)",1
"Cornelia ERNST (DEU-GUE_NGL)","Mick WALLACE (IRL-GUE_NGL)",1
"Cornelia ERNST (DEU-GUE_NGL)","Idoia VILLANUEVA RUIZ (ESP-GUE_NGL)",1
"Cornelia ERNST (DEU-GUE_NGL)","Manu PINEDA (ESP-GUE_NGL)",1
"Karima DELLI (FRA-GREEN_EFA)","Ville NIINISTÖ (FIN-GREEN_EFA)",1
"Mara BIZZOTTO (ITA-ID)","Joëlle MÉLIN (FRA-ID)",1
"Mara BIZZOTTO (ITA-ID)","Simona BONAFÈ (ITA-SD)",1
"Mara BIZZOTTO (ITA-ID)","Angelo CIOCCA (ITA-ID)",1
"Mara BIZZOTTO (ITA-ID)","Danilo Oscar LANCINI (ITA-ID)",1
"Mara BIZZOTTO (ITA-ID)","Luis GARICANO (ESP-RENEW)",1
"Mara BIZZOTTO (ITA-ID)","Søren GADE (DNK-RENEW)",1
"Mara BIZZOTTO (ITA-ID)","Silvia SARDONE (ITA-ID)",1
"Mara BIZZOTTO (ITA-ID)","Hélène LAPORTE (FRA-ID)",1
"Mara BIZZOTTO (ITA-ID)","Marco DREOSTO (ITA-ID)",1
"Mara BIZZOTTO (ITA-ID)","Anna BONFRISCO (ITA-ID)",1
"Mara BIZZOTTO (ITA-ID)","Simona BALDASSARRE (ITA-ID)",1
"Mara BIZZOTTO (ITA-ID)","Luisa REGIMENTI (ITA-ID)",1
"Mara BIZZOTTO (ITA-ID)","Massimo CASANOVA (ITA-ID)",1
"Mara BIZZOTTO (ITA-ID)","Andrea CAROPPO (ITA-EPP)",1
"Mara BIZZOTTO (ITA-ID)","Valentino GRANT (ITA-ID)",1
"Mara BIZZOTTO (ITA-ID)","Annalisa TARDINO (ITA-ID)",1
"Mara BIZZOTTO (ITA-ID)","Matteo ADINOLFI (ITA-ID)",1
"Eva MAYDELL (BGR-EPP)","Annie SCHREIJER-PIERIK (NLD-EPP)",1
"Alessandro PANZA (ITA-ID)","Paolo BORCHIA (ITA-ID)",1
"Alessandro PANZA (ITA-ID)","Marco ZANNI (ITA-ID)",1
"Alessandro PANZA (ITA-ID)","Angelo CIOCCA (ITA-ID)",1
"Alessandro PANZA (ITA-ID)","Danilo Oscar LANCINI (ITA-ID)",1
"Alessandro PANZA (ITA-ID)","Silvia SARDONE (ITA-ID)",1
"Alessandro PANZA (ITA-ID)","Isabella TOVAGLIERI (ITA-ID)",1
"Alessandro PANZA (ITA-ID)","Gianna GANCIA (ITA-ID)",1
"Alessandro PANZA (ITA-ID)","Stefania ZAMBELLI (ITA-ID)",1
"Alessandro PANZA (ITA-ID)","Gianantonio DA RE (ITA-ID)",1
"Alessandro PANZA (ITA-ID)","Alessandra BASSO (ITA-ID)",1
"Alessandro PANZA (ITA-ID)","Elena LIZZI (ITA-ID)",1
"Alessandro PANZA (ITA-ID)","Rosanna CONTE (ITA-ID)",1
"Alessandro PANZA (ITA-ID)","Susanna CECCARDI (ITA-ID)",1
"Alessandro PANZA (ITA-ID)","Antonio Maria RINALDI (ITA-ID)",1
"Alessandro PANZA (ITA-ID)","Anna BONFRISCO (ITA-ID)",1
"Alessandro PANZA (ITA-ID)","Massimo CASANOVA (ITA-ID)",1
"Alessandro PANZA (ITA-ID)","Valentino GRANT (ITA-ID)",1
"Alessandro PANZA (ITA-ID)","Annalisa TARDINO (ITA-ID)",1
"Alessandro PANZA (ITA-ID)","Matteo ADINOLFI (ITA-ID)",1
"Paolo BORCHIA (ITA-ID)","Marco ZANNI (ITA-ID)",1
"Paolo BORCHIA (ITA-ID)","Angelo CIOCCA (ITA-ID)",1
"Paolo BORCHIA (ITA-ID)","Danilo Oscar LANCINI (ITA-ID)",1
"Paolo BORCHIA (ITA-ID)","Silvia SARDONE (ITA-ID)",1
"Paolo BORCHIA (ITA-ID)","Isabella TOVAGLIERI (ITA-ID)",1
"Paolo BORCHIA (ITA-ID)","Gianna GANCIA (ITA-ID)",1
"Paolo BORCHIA (ITA-ID)","Stefania ZAMBELLI (ITA-ID)",1
"Paolo BORCHIA (ITA-ID)","Gianantonio DA RE (ITA-ID)",1
"Paolo BORCHIA (ITA-ID)","Alessandra BASSO (ITA-ID)",1
"Paolo BORCHIA (ITA-ID)","Elena LIZZI (ITA-ID)",1
"Paolo BORCHIA (ITA-ID)","Rosanna CONTE (ITA-ID)",1
"Paolo BORCHIA (ITA-ID)","Susanna CECCARDI (ITA-ID)",1
"Paolo BORCHIA (ITA-ID)","Antonio Maria RINALDI (ITA-ID)",1
"Paolo BORCHIA (ITA-ID)","Anna BONFRISCO (ITA-ID)",1
"Paolo BORCHIA (ITA-ID)","Simona BALDASSARRE (ITA-ID)",1
"Paolo BORCHIA (ITA-ID)","Massimo CASANOVA (ITA-ID)",1
"Paolo BORCHIA (ITA-ID)","Valentino GRANT (ITA-ID)",1
"Paolo BORCHIA (ITA-ID)","Annalisa TARDINO (ITA-ID)",1
"Paolo BORCHIA (ITA-ID)","Matteo ADINOLFI (ITA-ID)",1
"Michal ŠIMEČKA (SVK-RENEW)","Eric ANDRIEU (FRA-SD)",1
"Michal ŠIMEČKA (SVK-RENEW)","Eleonora EVI (ITA-GREEN_EFA)",1
"Michal ŠIMEČKA (SVK-RENEW)","Simona BONAFÈ (ITA-SD)",1
"Michal ŠIMEČKA (SVK-RENEW)","Krzysztof HETMAN (POL-EPP)",1
"Michal ŠIMEČKA (SVK-RENEW)","Jytte GUTELAND (SWE-SD)",1
"Michal ŠIMEČKA (SVK-RENEW)","Annie SCHREIJER-PIERIK (NLD-EPP)",1
"Michal ŠIMEČKA (SVK-RENEW)","Nikos ANDROULAKIS (GRC-SD)",1
"Michal ŠIMEČKA (SVK-RENEW)","Christophe HANSEN (LUX-EPP)",1
"Michal ŠIMEČKA (SVK-RENEW)","Erik BERGKVIST (SWE-SD)",1
"Michal ŠIMEČKA (SVK-RENEW)","Bartosz ARŁUKOWICZ (POL-EPP)",1
"Michal ŠIMEČKA (SVK-RENEW)","Chrysoula ZACHAROPOULOU (FRA-RENEW)",1
"Michal ŠIMEČKA (SVK-RENEW)","Agnès EVREN (FRA-EPP)",1
"Michal ŠIMEČKA (SVK-RENEW)","Luis GARICANO (ESP-RENEW)",1
"Michal ŠIMEČKA (SVK-RENEW)","Søren GADE (DNK-RENEW)",1
"Michal ŠIMEČKA (SVK-RENEW)","Pierfrancesco MAJORINO (ITA-SD)",1
"Michal ŠIMEČKA (SVK-RENEW)","Véronique TRILLET-LENOIR (FRA-RENEW)",1
"Michal ŠIMEČKA (SVK-RENEW)","Carlo CALENDA (ITA-SD)",1
"Michal ŠIMEČKA (SVK-RENEW)","Simone SCHMIEDTBAUER (AUT-EPP)",1
"Michal ŠIMEČKA (SVK-RENEW)","Bettina VOLLATH (AUT-SD)",1
"Michal ŠIMEČKA (SVK-RENEW)","Manuel PIZARRO (PRT-SD)",1
"Michal ŠIMEČKA (SVK-RENEW)","Adriana MALDONADO LÓPEZ (ESP-SD)",1
"Michal ŠIMEČKA (SVK-RENEW)","Álvaro AMARO (PRT-EPP)",1
"Eric ANDRIEU (FRA-SD)","Eleonora EVI (ITA-GREEN_EFA)",1
"Eric ANDRIEU (FRA-SD)","Simona BONAFÈ (ITA-SD)",1
"Eric ANDRIEU (FRA-SD)","Krzysztof HETMAN (POL-EPP)",1
"Eric ANDRIEU (FRA-SD)","Ernest URTASUN (ESP-GREEN_EFA)",1
"Eric ANDRIEU (FRA-SD)","Jytte GUTELAND (SWE-SD)",1
"Eric ANDRIEU (FRA-SD)","Annie SCHREIJER-PIERIK (NLD-EPP)",1
"Eric ANDRIEU (FRA-SD)","Nikos ANDROULAKIS (GRC-SD)",1
"Eric ANDRIEU (FRA-SD)","Christophe HANSEN (LUX-EPP)",1
"Eric ANDRIEU (FRA-SD)","Erik BERGKVIST (SWE-SD)",1
"Eric ANDRIEU (FRA-SD)","Bartosz ARŁUKOWICZ (POL-EPP)",1
"Eric ANDRIEU (FRA-SD)","Chrysoula ZACHAROPOULOU (FRA-RENEW)",1
"Eric ANDRIEU (FRA-SD)","Agnès EVREN (FRA-EPP)",1
"Eric ANDRIEU (FRA-SD)","Luis GARICANO (ESP-RENEW)",1
"Eric ANDRIEU (FRA-SD)","Søren GADE (DNK-RENEW)",1
"Eric ANDRIEU (FRA-SD)","Pierfrancesco MAJORINO (ITA-SD)",1
"Eric ANDRIEU (FRA-SD)","Véronique TRILLET-LENOIR (FRA-RENEW)",1
"Eric ANDRIEU (FRA-SD)","Carlo CALENDA (ITA-SD)",1
"Eric ANDRIEU (FRA-SD)","Simone SCHMIEDTBAUER (AUT-EPP)",1
"Eric ANDRIEU (FRA-SD)","Bettina VOLLATH (AUT-SD)",1
"Eric ANDRIEU (FRA-SD)","Manuel PIZARRO (PRT-SD)",1
"Eric ANDRIEU (FRA-SD)","Adriana MALDONADO LÓPEZ (ESP-SD)",1
"Eric ANDRIEU (FRA-SD)","Álvaro AMARO (PRT-EPP)",1
"Ondřej KOVAŘÍK (CZE-RENEW)","Martin HLAVÁČEK (CZE-RENEW)",1
"Ondřej KOVAŘÍK (CZE-RENEW)","Ondřej KNOTEK (CZE-RENEW)",1
"Martina MICHELS (DEU-GUE_NGL)","Luke Ming FLANAGAN (IRL-GUE_NGL)",1
"Martina MICHELS (DEU-GUE_NGL)","Miguel URBÁN CRESPO (ESP-GUE_NGL)",1
"Martina MICHELS (DEU-GUE_NGL)","Marc BOTENGA (BEL-GUE_NGL)",1
"Martina MICHELS (DEU-GUE_NGL)","Martin SCHIRDEWAN (DEU-GUE_NGL)",1
"Martina MICHELS (DEU-GUE_NGL)","Niyazi KIZILYÜREK (CYP-GUE_NGL)",1
"Martina MICHELS (DEU-GUE_NGL)","Giorgos GEORGIOU (CYP-GUE_NGL)",1
"Martina MICHELS (DEU-GUE_NGL)","Özlem DEMIREL (DEU-GUE_NGL)",1
"Martina MICHELS (DEU-GUE_NGL)","Anne-Sophie PELLETIER (FRA-GUE_NGL)",1
"Martina MICHELS (DEU-GUE_NGL)","Manon AUBRY (FRA-GUE_NGL)",1
"Martina MICHELS (DEU-GUE_NGL)","Clare DALY (IRL-GUE_NGL)",1
"Martina MICHELS (DEU-GUE_NGL)","Eugenia RODRÍGUEZ PALOP (ESP-GUE_NGL)",1
"Martina MICHELS (DEU-GUE_NGL)","Mick WALLACE (IRL-GUE_NGL)",1
"Martina MICHELS (DEU-GUE_NGL)","Idoia VILLANUEVA RUIZ (ESP-GUE_NGL)",1
"Martina MICHELS (DEU-GUE_NGL)","Manu PINEDA (ESP-GUE_NGL)",1
"Charlie WEIMERS (SWE-ECR)","Peter LUNDGREN (SWE-ECR)",1
"Gilles LEBRETON (FRA-ID)","Nicolas BAY (FRA-ID)",1
"Gilles LEBRETON (FRA-ID)","Joëlle MÉLIN (FRA-ID)",1
"Gilles LEBRETON (FRA-ID)","Jean-François JALKH (FRA-ID)",1
"Gilles LEBRETON (FRA-ID)","Dominique BILDE (FRA-ID)",1
"Gilles LEBRETON (FRA-ID)","Jordan BARDELLA (FRA-ID)",1
"Gilles LEBRETON (FRA-ID)","Annika BRUNA (FRA-ID)",1
"Gilles LEBRETON (FRA-ID)","France JAMET (FRA-ID)",1
"Gilles LEBRETON (FRA-ID)","Hélène LAPORTE (FRA-ID)",1
"Gilles LEBRETON (FRA-ID)","Jérôme RIVIÈRE (FRA-ID)",1
"Gilles LEBRETON (FRA-ID)","Thierry MARIANI (FRA-ID)",1
"Gilles LEBRETON (FRA-ID)","Hervé JUVIN (FRA-ID)",1
"Gilles LEBRETON (FRA-ID)","Virginie JORON (FRA-ID)",1
"Gilles LEBRETON (FRA-ID)","Jean-Paul GARRAUD (FRA-ID)",1
"Gilles LEBRETON (FRA-ID)","Aurélia BEIGNEUX (FRA-ID)",1
"Gilles LEBRETON (FRA-ID)","Philippe OLIVIER (FRA-ID)",1
"Gilles LEBRETON (FRA-ID)","André ROUGÉ (FRA-ID)",1
"Gilles LEBRETON (FRA-ID)","Mathilde ANDROUËT (FRA-ID)",1
"Gilles LEBRETON (FRA-ID)","Jean-Lin LACAPELLE (FRA-ID)",1
"Nicolas BAY (FRA-ID)","Joëlle MÉLIN (FRA-ID)",1
"Nicolas BAY (FRA-ID)","Jean-François JALKH (FRA-ID)",1
"Nicolas BAY (FRA-ID)","Dominique BILDE (FRA-ID)",1
"Nicolas BAY (FRA-ID)","Jordan BARDELLA (FRA-ID)",1
"Nicolas BAY (FRA-ID)","Annika BRUNA (FRA-ID)",1
"Nicolas BAY (FRA-ID)","France JAMET (FRA-ID)",1
"Nicolas BAY (FRA-ID)","Jérôme RIVIÈRE (FRA-ID)",1
"Nicolas BAY (FRA-ID)","Thierry MARIANI (FRA-ID)",1
"Nicolas BAY (FRA-ID)","Hervé JUVIN (FRA-ID)",1
"Nicolas BAY (FRA-ID)","Virginie JORON (FRA-ID)",1
"Nicolas BAY (FRA-ID)","Jean-Paul GARRAUD (FRA-ID)",1
"Nicolas BAY (FRA-ID)","Maxette PIRBAKAS (FRA-ID)",1
"Nicolas BAY (FRA-ID)","Aurélia BEIGNEUX (FRA-ID)",1
"Nicolas BAY (FRA-ID)","Gilbert COLLARD (FRA-ID)",1
"Nicolas BAY (FRA-ID)","Philippe OLIVIER (FRA-ID)",1
"Nicolas BAY (FRA-ID)","Mathilde ANDROUËT (FRA-ID)",1
"Nicolas BAY (FRA-ID)","Jean-Lin LACAPELLE (FRA-ID)",1
"Joëlle MÉLIN (FRA-ID)","Jean-François JALKH (FRA-ID)",1
"Joëlle MÉLIN (FRA-ID)","Dominique BILDE (FRA-ID)",1
"Joëlle MÉLIN (FRA-ID)","Jordan BARDELLA (FRA-ID)",1
"Joëlle MÉLIN (FRA-ID)","Annika BRUNA (FRA-ID)",1
"Joëlle MÉLIN (FRA-ID)","Luis GARICANO (ESP-RENEW)",1
"Joëlle MÉLIN (FRA-ID)","Peter KOFOD (DNK-ID)",1
"Joëlle MÉLIN (FRA-ID)","Hélène LAPORTE (FRA-ID)",1
"Joëlle MÉLIN (FRA-ID)","Marco DREOSTO (ITA-ID)",1
"Joëlle MÉLIN (FRA-ID)","Jérôme RIVIÈRE (FRA-ID)",1
"Joëlle MÉLIN (FRA-ID)","Carlo CALENDA (ITA-SD)",1
"Joëlle MÉLIN (FRA-ID)","Hervé JUVIN (FRA-ID)",1
"Joëlle MÉLIN (FRA-ID)","Virginie JORON (FRA-ID)",1
"Joëlle MÉLIN (FRA-ID)","Gilbert COLLARD (FRA-ID)",1
"Joëlle MÉLIN (FRA-ID)","Simona BALDASSARRE (ITA-ID)",1
"Joëlle MÉLIN (FRA-ID)","Andrea CAROPPO (ITA-EPP)",1
"Jean-François JALKH (FRA-ID)","Dominique BILDE (FRA-ID)",1
"Jean-François JALKH (FRA-ID)","Jordan BARDELLA (FRA-ID)",1
"Jean-François JALKH (FRA-ID)","Annika BRUNA (FRA-ID)",1
"Jean-François JALKH (FRA-ID)","France JAMET (FRA-ID)",1
"Jean-François JALKH (FRA-ID)","Hélène LAPORTE (FRA-ID)",1
"Jean-François JALKH (FRA-ID)","Jérôme RIVIÈRE (FRA-ID)",1
"Jean-François JALKH (FRA-ID)","Thierry MARIANI (FRA-ID)",1
"Jean-François JALKH (FRA-ID)","Virginie JORON (FRA-ID)",1
"Jean-François JALKH (FRA-ID)","Jean-Paul GARRAUD (FRA-ID)",1
"Jean-François JALKH (FRA-ID)","Aurélia BEIGNEUX (FRA-ID)",1
"Jean-François JALKH (FRA-ID)","Gilbert COLLARD (FRA-ID)",1
"Jean-François JALKH (FRA-ID)","Philippe OLIVIER (FRA-ID)",1
"Jean-François JALKH (FRA-ID)","Jean-Lin LACAPELLE (FRA-ID)",1
"Dominique BILDE (FRA-ID)","Jordan BARDELLA (FRA-ID)",1
"Dominique BILDE (FRA-ID)","Annika BRUNA (FRA-ID)",1
"Dominique BILDE (FRA-ID)","France JAMET (FRA-ID)",1
"Dominique BILDE (FRA-ID)","Hélène LAPORTE (FRA-ID)",1
"Dominique BILDE (FRA-ID)","Jérôme RIVIÈRE (FRA-ID)",1
"Dominique BILDE (FRA-ID)","Thierry MARIANI (FRA-ID)",1
"Dominique BILDE (FRA-ID)","Hervé JUVIN (FRA-ID)",1
"Dominique BILDE (FRA-ID)","Virginie JORON (FRA-ID)",1
"Dominique BILDE (FRA-ID)","Jean-Paul GARRAUD (FRA-ID)",1
"Dominique BILDE (FRA-ID)","Aurélia BEIGNEUX (FRA-ID)",1
"Dominique BILDE (FRA-ID)","Philippe OLIVIER (FRA-ID)",1
"Dominique BILDE (FRA-ID)","André ROUGÉ (FRA-ID)",1
"Dominique BILDE (FRA-ID)","Mathilde ANDROUËT (FRA-ID)",1
"Dominique BILDE (FRA-ID)","Jean-Lin LACAPELLE (FRA-ID)",1
"Eleonora EVI (ITA-GREEN_EFA)","Simona BONAFÈ (ITA-SD)",1
"Eleonora EVI (ITA-GREEN_EFA)","Ernest URTASUN (ESP-GREEN_EFA)",1
"Eleonora EVI (ITA-GREEN_EFA)","Jytte GUTELAND (SWE-SD)",1
"Eleonora EVI (ITA-GREEN_EFA)","Annie SCHREIJER-PIERIK (NLD-EPP)",1
"Eleonora EVI (ITA-GREEN_EFA)","Nikos ANDROULAKIS (GRC-SD)",1
"Eleonora EVI (ITA-GREEN_EFA)","Chrysoula ZACHAROPOULOU (FRA-RENEW)",1
"Eleonora EVI (ITA-GREEN_EFA)","Luis GARICANO (ESP-RENEW)",1
"Eleonora EVI (ITA-GREEN_EFA)","Søren GADE (DNK-RENEW)",1
"Eleonora EVI (ITA-GREEN_EFA)","Pierfrancesco MAJORINO (ITA-SD)",1
"Eleonora EVI (ITA-GREEN_EFA)","Carlo CALENDA (ITA-SD)",1
"Eleonora EVI (ITA-GREEN_EFA)","Bettina VOLLATH (AUT-SD)",1
"Eleonora EVI (ITA-GREEN_EFA)","Pernando BARRENA ARZA (ESP-GUE_NGL)",1
"Eleonora EVI (ITA-GREEN_EFA)","Manuel PIZARRO (PRT-SD)",1
"Eleonora EVI (ITA-GREEN_EFA)","Andrea CAROPPO (ITA-EPP)",1
"Marco ZANNI (ITA-ID)","Angelo CIOCCA (ITA-ID)",1
"Marco ZANNI (ITA-ID)","Danilo Oscar LANCINI (ITA-ID)",1
"Marco ZANNI (ITA-ID)","Silvia SARDONE (ITA-ID)",1
"Marco ZANNI (ITA-ID)","Isabella TOVAGLIERI (ITA-ID)",1
"Marco ZANNI (ITA-ID)","Gianna GANCIA (ITA-ID)",1
"Marco ZANNI (ITA-ID)","Stefania ZAMBELLI (ITA-ID)",1
"Marco ZANNI (ITA-ID)","Gianantonio DA RE (ITA-ID)",1
"Marco ZANNI (ITA-ID)","Alessandra BASSO (ITA-ID)",1
"Marco ZANNI (ITA-ID)","Elena LIZZI (ITA-ID)",1
"Marco ZANNI (ITA-ID)","Rosanna CONTE (ITA-ID)",1
"Marco ZANNI (ITA-ID)","Susanna CECCARDI (ITA-ID)",1
"Marco ZANNI (ITA-ID)","Antonio Maria RINALDI (ITA-ID)",1
"Marco ZANNI (ITA-ID)","Anna BONFRISCO (ITA-ID)",1
"Marco ZANNI (ITA-ID)","Massimo CASANOVA (ITA-ID)",1
"Marco ZANNI (ITA-ID)","Valentino GRANT (ITA-ID)",1
"Marco ZANNI (ITA-ID)","Annalisa TARDINO (ITA-ID)",1
"Marco ZANNI (ITA-ID)","Matteo ADINOLFI (ITA-ID)",1
"Simona BONAFÈ (ITA-SD)","Jytte GUTELAND (SWE-SD)",1
"Simona BONAFÈ (ITA-SD)","Annie SCHREIJER-PIERIK (NLD-EPP)",1
"Simona BONAFÈ (ITA-SD)","Nikos ANDROULAKIS (GRC-SD)",1
"Simona BONAFÈ (ITA-SD)","Erik BERGKVIST (SWE-SD)",1
"Simona BONAFÈ (ITA-SD)","Bartosz ARŁUKOWICZ (POL-EPP)",1
"Simona BONAFÈ (ITA-SD)","Chrysoula ZACHAROPOULOU (FRA-RENEW)",1
"Simona BONAFÈ (ITA-SD)","Luis GARICANO (ESP-RENEW)",1
"Simona BONAFÈ (ITA-SD)","Søren GADE (DNK-RENEW)",1
"Simona BONAFÈ (ITA-SD)","Pierfrancesco MAJORINO (ITA-SD)",1
"Simona BONAFÈ (ITA-SD)","Véronique TRILLET-LENOIR (FRA-RENEW)",1
"Simona BONAFÈ (ITA-SD)","Carlo CALENDA (ITA-SD)",1
"Simona BONAFÈ (ITA-SD)","Simone SCHMIEDTBAUER (AUT-EPP)",1
"Simona BONAFÈ (ITA-SD)","Bettina VOLLATH (AUT-SD)",1
"Simona BONAFÈ (ITA-SD)","Pernando BARRENA ARZA (ESP-GUE_NGL)",1
"Simona BONAFÈ (ITA-SD)","Manuel PIZARRO (PRT-SD)",1
"Simona BONAFÈ (ITA-SD)","Adriana MALDONADO LÓPEZ (ESP-SD)",1
"Simona BONAFÈ (ITA-SD)","Álvaro AMARO (PRT-EPP)",1
"Simona BONAFÈ (ITA-SD)","Luisa REGIMENTI (ITA-ID)",1
"Simona BONAFÈ (ITA-SD)","Andrea CAROPPO (ITA-EPP)",1
"Angel DZHAMBAZKI (BGR-ECR)","Jadwiga WIŚNIEWSKA (POL-ECR)",1
"Angel DZHAMBAZKI (BGR-ECR)","Kosma ZŁOTOWSKI (POL-ECR)",1
"Angel DZHAMBAZKI (BGR-ECR)","Karol KARSKI (POL-ECR)",1
"Angel DZHAMBAZKI (BGR-ECR)","Zdzisław KRASNODĘBSKI (POL-ECR)",1
"Angel DZHAMBAZKI (BGR-ECR)","Joachim Stanisław BRUDZIŃSKI (POL-ECR)",1
"Angel DZHAMBAZKI (BGR-ECR)","Krzysztof JURGIEL (POL-ECR)",1
"Angel DZHAMBAZKI (BGR-ECR)","Beata KEMPA (POL-ECR)",1
"Angel DZHAMBAZKI (BGR-ECR)","Izabela-Helena KLOC (POL-ECR)",1
"Angel DZHAMBAZKI (BGR-ECR)","Joanna KOPCIŃSKA (POL-ECR)",1
"Angel DZHAMBAZKI (BGR-ECR)","Elżbieta KRUK (POL-ECR)",1
"Angel DZHAMBAZKI (BGR-ECR)","Beata MAZUREK (POL-ECR)",1
"Angel DZHAMBAZKI (BGR-ECR)","Andżelika Anna MOŻDŻANOWSKA (POL-ECR)",1
"Angel DZHAMBAZKI (BGR-ECR)","Elżbieta RAFALSKA (POL-ECR)",1
"Angel DZHAMBAZKI (BGR-ECR)","Bogdan RZOŃCA (POL-ECR)",1
"Angel DZHAMBAZKI (BGR-ECR)","Beata SZYDŁO (POL-ECR)",1
"Angel DZHAMBAZKI (BGR-ECR)","Grzegorz TOBISZOWSKI (POL-ECR)",1
"Angel DZHAMBAZKI (BGR-ECR)","Witold Jan WASZCZYKOWSKI (POL-ECR)",1
"Angel DZHAMBAZKI (BGR-ECR)","Anna ZALEWSKA (POL-ECR)",1
"Angel DZHAMBAZKI (BGR-ECR)","Pietro FIOCCHI (ITA-ECR)",1
"Angel DZHAMBAZKI (BGR-ECR)","Nicola PROCACCINI (ITA-ECR)",1
"Angel DZHAMBAZKI (BGR-ECR)","Andrey SLABAKOV (BGR-ECR)",1
"Jadwiga WIŚNIEWSKA (POL-ECR)","Kosma ZŁOTOWSKI (POL-ECR)",1
"Jadwiga WIŚNIEWSKA (POL-ECR)","Karol KARSKI (POL-ECR)",1
"Jadwiga WIŚNIEWSKA (POL-ECR)","Zdzisław KRASNODĘBSKI (POL-ECR)",1
"Jadwiga WIŚNIEWSKA (POL-ECR)","Joachim Stanisław BRUDZIŃSKI (POL-ECR)",1
"Jadwiga WIŚNIEWSKA (POL-ECR)","Patryk JAKI (POL-ECR)",1
"Jadwiga WIŚNIEWSKA (POL-ECR)","Krzysztof JURGIEL (POL-ECR)",1
"Jadwiga WIŚNIEWSKA (POL-ECR)","Beata KEMPA (POL-ECR)",1
"Jadwiga WIŚNIEWSKA (POL-ECR)","Izabela-Helena KLOC (POL-ECR)",1
"Jadwiga WIŚNIEWSKA (POL-ECR)","Joanna KOPCIŃSKA (POL-ECR)",1
"Jadwiga WIŚNIEWSKA (POL-ECR)","Elżbieta KRUK (POL-ECR)",1
"Jadwiga WIŚNIEWSKA (POL-ECR)","Beata MAZUREK (POL-ECR)",1
"Jadwiga WIŚNIEWSKA (POL-ECR)","Andżelika Anna MOŻDŻANOWSKA (POL-ECR)",1
"Jadwiga WIŚNIEWSKA (POL-ECR)","Elżbieta RAFALSKA (POL-ECR)",1
"Jadwiga WIŚNIEWSKA (POL-ECR)","Bogdan RZOŃCA (POL-ECR)",1
"Jadwiga WIŚNIEWSKA (POL-ECR)","Beata SZYDŁO (POL-ECR)",1
"Jadwiga WIŚNIEWSKA (POL-ECR)","Grzegorz TOBISZOWSKI (POL-ECR)",1
"Jadwiga WIŚNIEWSKA (POL-ECR)","Witold Jan WASZCZYKOWSKI (POL-ECR)",1
"Jadwiga WIŚNIEWSKA (POL-ECR)","Anna ZALEWSKA (POL-ECR)",1
"Jadwiga WIŚNIEWSKA (POL-ECR)","Pietro FIOCCHI (ITA-ECR)",1
"Jadwiga WIŚNIEWSKA (POL-ECR)","Dominik TARCZYŃSKI (POL-ECR)",1
"Kosma ZŁOTOWSKI (POL-ECR)","Karol KARSKI (POL-ECR)",1
"Kosma ZŁOTOWSKI (POL-ECR)","Zdzisław KRASNODĘBSKI (POL-ECR)",1
"Kosma ZŁOTOWSKI (POL-ECR)","Joachim Stanisław BRUDZIŃSKI (POL-ECR)",1
"Kosma ZŁOTOWSKI (POL-ECR)","Patryk JAKI (POL-ECR)",1
"Kosma ZŁOTOWSKI (POL-ECR)","Krzysztof JURGIEL (POL-ECR)",1
"Kosma ZŁOTOWSKI (POL-ECR)","Beata KEMPA (POL-ECR)",1
"Kosma ZŁOTOWSKI (POL-ECR)","Izabela-Helena KLOC (POL-ECR)",1
"Kosma ZŁOTOWSKI (POL-ECR)","Joanna KOPCIŃSKA (POL-ECR)",1
"Kosma ZŁOTOWSKI (POL-ECR)","Elżbieta KRUK (POL-ECR)",1
"Kosma ZŁOTOWSKI (POL-ECR)","Beata MAZUREK (POL-ECR)",1
"Kosma ZŁOTOWSKI (POL-ECR)","Andżelika Anna MOŻDŻANOWSKA (POL-ECR)",1
"Kosma ZŁOTOWSKI (POL-ECR)","Elżbieta RAFALSKA (POL-ECR)",1
"Kosma ZŁOTOWSKI (POL-ECR)","Bogdan RZOŃCA (POL-ECR)",1
"Kosma ZŁOTOWSKI (POL-ECR)","Beata SZYDŁO (POL-ECR)",1
"Kosma ZŁOTOWSKI (POL-ECR)","Grzegorz TOBISZOWSKI (POL-ECR)",1
"Kosma ZŁOTOWSKI (POL-ECR)","Witold Jan WASZCZYKOWSKI (POL-ECR)",1
"Kosma ZŁOTOWSKI (POL-ECR)","Anna ZALEWSKA (POL-ECR)",1
"Kosma ZŁOTOWSKI (POL-ECR)","Pietro FIOCCHI (ITA-ECR)",1
"Kosma ZŁOTOWSKI (POL-ECR)","Dominik TARCZYŃSKI (POL-ECR)",1
"Karol KARSKI (POL-ECR)","Joachim Stanisław BRUDZIŃSKI (POL-ECR)",1
"Karol KARSKI (POL-ECR)","Krzysztof JURGIEL (POL-ECR)",1
"Karol KARSKI (POL-ECR)","Beata KEMPA (POL-ECR)",1
"Karol KARSKI (POL-ECR)","Izabela-Helena KLOC (POL-ECR)",1
"Karol KARSKI (POL-ECR)","Joanna KOPCIŃSKA (POL-ECR)",1
"Karol KARSKI (POL-ECR)","Beata MAZUREK (POL-ECR)",1
"Karol KARSKI (POL-ECR)","Andżelika Anna MOŻDŻANOWSKA (POL-ECR)",1
"Karol KARSKI (POL-ECR)","Elżbieta RAFALSKA (POL-ECR)",1
"Karol KARSKI (POL-ECR)","Bogdan RZOŃCA (POL-ECR)",1
"Karol KARSKI (POL-ECR)","Beata SZYDŁO (POL-ECR)",1
"Karol KARSKI (POL-ECR)","Grzegorz TOBISZOWSKI (POL-ECR)",1
"Karol KARSKI (POL-ECR)","Anna ZALEWSKA (POL-ECR)",1
"Karol KARSKI (POL-ECR)","Raffaele STANCANELLI (ITA-ECR)",1
"Karol KARSKI (POL-ECR)","Dominik TARCZYŃSKI (POL-ECR)",1
"Zdzisław KRASNODĘBSKI (POL-ECR)","Joachim Stanisław BRUDZIŃSKI (POL-ECR)",1
"Zdzisław KRASNODĘBSKI (POL-ECR)","Patryk JAKI (POL-ECR)",1
"Zdzisław KRASNODĘBSKI (POL-ECR)","Krzysztof JURGIEL (POL-ECR)",1
"Zdzisław KRASNODĘBSKI (POL-ECR)","Beata KEMPA (POL-ECR)",1
"Zdzisław KRASNODĘBSKI (POL-ECR)","Izabela-Helena KLOC (POL-ECR)",1
"Zdzisław KRASNODĘBSKI (POL-ECR)","Joanna KOPCIŃSKA (POL-ECR)",1
"Zdzisław KRASNODĘBSKI (POL-ECR)","Elżbieta KRUK (POL-ECR)",1
"Zdzisław KRASNODĘBSKI (POL-ECR)","Beata MAZUREK (POL-ECR)",1
"Zdzisław KRASNODĘBSKI (POL-ECR)","Andżelika Anna MOŻDŻANOWSKA (POL-ECR)",1
"Zdzisław KRASNODĘBSKI (POL-ECR)","Elżbieta RAFALSKA (POL-ECR)",1
"Zdzisław KRASNODĘBSKI (POL-ECR)","Bogdan RZOŃCA (POL-ECR)",1
"Zdzisław KRASNODĘBSKI (POL-ECR)","Beata SZYDŁO (POL-ECR)",1
"Zdzisław KRASNODĘBSKI (POL-ECR)","Grzegorz TOBISZOWSKI (POL-ECR)",1
"Zdzisław KRASNODĘBSKI (POL-ECR)","Witold Jan WASZCZYKOWSKI (POL-ECR)",1
"Zdzisław KRASNODĘBSKI (POL-ECR)","Anna ZALEWSKA (POL-ECR)",1
"Zdzisław KRASNODĘBSKI (POL-ECR)","Pietro FIOCCHI (ITA-ECR)",1
"Zdzisław KRASNODĘBSKI (POL-ECR)","Dominik TARCZYŃSKI (POL-ECR)",1
"Krzysztof HETMAN (POL-EPP)","Christophe HANSEN (LUX-EPP)",1
"Krzysztof HETMAN (POL-EPP)","Erik BERGKVIST (SWE-SD)",1
"Krzysztof HETMAN (POL-EPP)","Bartosz ARŁUKOWICZ (POL-EPP)",1
"Krzysztof HETMAN (POL-EPP)","Agnès EVREN (FRA-EPP)",1
"Krzysztof HETMAN (POL-EPP)","Pierfrancesco MAJORINO (ITA-SD)",1
"Krzysztof HETMAN (POL-EPP)","Véronique TRILLET-LENOIR (FRA-RENEW)",1
"Krzysztof HETMAN (POL-EPP)","Simone SCHMIEDTBAUER (AUT-EPP)",1
"Krzysztof HETMAN (POL-EPP)","Adriana MALDONADO LÓPEZ (ESP-SD)",1
"Krzysztof HETMAN (POL-EPP)","Álvaro AMARO (PRT-EPP)",1
"Monika VANA (AUT-GREEN_EFA)","Francisco GUERREIRO (PRT-GREEN_EFA)",1
"Ernest URTASUN (ESP-GREEN_EFA)","Kira Marie PETER-HANSEN (DNK-GREEN_EFA)",1
"Ernest URTASUN (ESP-GREEN_EFA)","Pierfrancesco MAJORINO (ITA-SD)",1
"Gerolf ANNEMANS (BEL-ID)","Harald VILIMSKY (AUT-ID)",1
"Gerolf ANNEMANS (BEL-ID)","Markus BUCHHEIT (DEU-ID)",1
"Gerolf ANNEMANS (BEL-ID)","Tom VANDENDRIESSCHE (BEL-ID)",1
"Gerolf ANNEMANS (BEL-ID)","Filip DE MAN (BEL-ID)",1
"Gerolf ANNEMANS (BEL-ID)","Nicolaus FEST (DEU-ID)",1
"Gerolf ANNEMANS (BEL-ID)","Guido REIL (DEU-ID)",1
"Gerolf ANNEMANS (BEL-ID)","Roman HAIDER (AUT-ID)",1
"Luke Ming FLANAGAN (IRL-GUE_NGL)","Malin BJÖRK (SWE-GUE_NGL)",1
"Luke Ming FLANAGAN (IRL-GUE_NGL)","Anja HAZEKAMP (NLD-GUE_NGL)",1
"Luke Ming FLANAGAN (IRL-GUE_NGL)","Miguel URBÁN CRESPO (ESP-GUE_NGL)",1
"Luke Ming FLANAGAN (IRL-GUE_NGL)","Marc BOTENGA (BEL-GUE_NGL)",1
"Luke Ming FLANAGAN (IRL-GUE_NGL)","Martin SCHIRDEWAN (DEU-GUE_NGL)",1
"Luke Ming FLANAGAN (IRL-GUE_NGL)","Niyazi KIZILYÜREK (CYP-GUE_NGL)",1
"Luke Ming FLANAGAN (IRL-GUE_NGL)","Giorgos GEORGIOU (CYP-GUE_NGL)",1
"Luke Ming FLANAGAN (IRL-GUE_NGL)","Özlem DEMIREL (DEU-GUE_NGL)",1
"Luke Ming FLANAGAN (IRL-GUE_NGL)","Anne-Sophie PELLETIER (FRA-GUE_NGL)",1
"Luke Ming FLANAGAN (IRL-GUE_NGL)","Leila CHAIBI (FRA-GUE_NGL)",1
"Luke Ming FLANAGAN (IRL-GUE_NGL)","Manon AUBRY (FRA-GUE_NGL)",1
"Luke Ming FLANAGAN (IRL-GUE_NGL)","Nikolaj VILLUMSEN (DNK-GUE_NGL)",1
"Luke Ming FLANAGAN (IRL-GUE_NGL)","Sira REGO (ESP-GUE_NGL)",1
"Luke Ming FLANAGAN (IRL-GUE_NGL)","Clare DALY (IRL-GUE_NGL)",1
"Luke Ming FLANAGAN (IRL-GUE_NGL)","Eugenia RODRÍGUEZ PALOP (ESP-GUE_NGL)",1
"Luke Ming FLANAGAN (IRL-GUE_NGL)","Silvia MODIG (FIN-GUE_NGL)",1
"Luke Ming FLANAGAN (IRL-GUE_NGL)","Mick WALLACE (IRL-GUE_NGL)",1
"Luke Ming FLANAGAN (IRL-GUE_NGL)","Idoia VILLANUEVA RUIZ (ESP-GUE_NGL)",1
"Luke Ming FLANAGAN (IRL-GUE_NGL)","Manu PINEDA (ESP-GUE_NGL)",1
"Jytte GUTELAND (SWE-SD)","Annie SCHREIJER-PIERIK (NLD-EPP)",1
"Jytte GUTELAND (SWE-SD)","Nikos ANDROULAKIS (GRC-SD)",1
"Jytte GUTELAND (SWE-SD)","Chrysoula ZACHAROPOULOU (FRA-RENEW)",1
"Jytte GUTELAND (SWE-SD)","Luis GARICANO (ESP-RENEW)",1
"Jytte GUTELAND (SWE-SD)","Søren GADE (DNK-RENEW)",1
"Jytte GUTELAND (SWE-SD)","Pierfrancesco MAJORINO (ITA-SD)",1
"Jytte GUTELAND (SWE-SD)","Marco DREOSTO (ITA-ID)",1
"Jytte GUTELAND (SWE-SD)","Carlo CALENDA (ITA-SD)",1
"Jytte GUTELAND (SWE-SD)","Bettina VOLLATH (AUT-SD)",1
"Jytte GUTELAND (SWE-SD)","Manuel PIZARRO (PRT-SD)",1
"Jytte GUTELAND (SWE-SD)","Adriana MALDONADO LÓPEZ (ESP-SD)",1
"Jytte GUTELAND (SWE-SD)","Álvaro AMARO (PRT-EPP)",1
"Jytte GUTELAND (SWE-SD)","Andrea CAROPPO (ITA-EPP)",1
"Malin BJÖRK (SWE-GUE_NGL)","Anja HAZEKAMP (NLD-GUE_NGL)",1
"Malin BJÖRK (SWE-GUE_NGL)","Miguel URBÁN CRESPO (ESP-GUE_NGL)",1
"Malin BJÖRK (SWE-GUE_NGL)","Nikolaj VILLUMSEN (DNK-GUE_NGL)",1
"Malin BJÖRK (SWE-GUE_NGL)","Eugenia RODRÍGUEZ PALOP (ESP-GUE_NGL)",1
"Malin BJÖRK (SWE-GUE_NGL)","Idoia VILLANUEVA RUIZ (ESP-GUE_NGL)",1
"Harald VILIMSKY (AUT-ID)","Markus BUCHHEIT (DEU-ID)",1
"Harald VILIMSKY (AUT-ID)","Tom VANDENDRIESSCHE (BEL-ID)",1
"Harald VILIMSKY (AUT-ID)","Filip DE MAN (BEL-ID)",1
"Harald VILIMSKY (AUT-ID)","Maximilian KRAH (DEU-ID)",1
"Harald VILIMSKY (AUT-ID)","Guido REIL (DEU-ID)",1
"Harald VILIMSKY (AUT-ID)","Jaak MADISON (EST-ID)",1
"Harald VILIMSKY (AUT-ID)","Laura HUHTASAARI (FIN-ID)",1
"Harald VILIMSKY (AUT-ID)","Teuvo HAKKARAINEN (FIN-ID)",1
"Harald VILIMSKY (AUT-ID)","Roman HAIDER (AUT-ID)",1
"Anja HAZEKAMP (NLD-GUE_NGL)","Miguel URBÁN CRESPO (ESP-GUE_NGL)",1
"Anja HAZEKAMP (NLD-GUE_NGL)","Marc BOTENGA (BEL-GUE_NGL)",1
"Anja HAZEKAMP (NLD-GUE_NGL)","Giorgos GEORGIOU (CYP-GUE_NGL)",1
"Anja HAZEKAMP (NLD-GUE_NGL)","Clare DALY (IRL-GUE_NGL)",1
"Anja HAZEKAMP (NLD-GUE_NGL)","Mick WALLACE (IRL-GUE_NGL)",1
"Esteban GONZÁLEZ PONS (ESP-EPP)","Christophe HANSEN (LUX-EPP)",1
"Esteban GONZÁLEZ PONS (ESP-EPP)","Chrysoula ZACHAROPOULOU (FRA-RENEW)",1
"Esteban GONZÁLEZ PONS (ESP-EPP)","Luis GARICANO (ESP-RENEW)",1
"Esteban GONZÁLEZ PONS (ESP-EPP)","Véronique TRILLET-LENOIR (FRA-RENEW)",1
"Esteban GONZÁLEZ PONS (ESP-EPP)","Carlo CALENDA (ITA-SD)",1
"Esteban GONZÁLEZ PONS (ESP-EPP)","Simone SCHMIEDTBAUER (AUT-EPP)",1
"Esteban GONZÁLEZ PONS (ESP-EPP)","Adriana MALDONADO LÓPEZ (ESP-SD)",1
"Esteban GONZÁLEZ PONS (ESP-EPP)","Álvaro AMARO (PRT-EPP)",1
"Annie SCHREIJER-PIERIK (NLD-EPP)","Chrysoula ZACHAROPOULOU (FRA-RENEW)",1
"Annie SCHREIJER-PIERIK (NLD-EPP)","Luis GARICANO (ESP-RENEW)",1
"Annie SCHREIJER-PIERIK (NLD-EPP)","Søren GADE (DNK-RENEW)",1
"Annie SCHREIJER-PIERIK (NLD-EPP)","Pierfrancesco MAJORINO (ITA-SD)",1
"Annie SCHREIJER-PIERIK (NLD-EPP)","Carlo CALENDA (ITA-SD)",1
"Annie SCHREIJER-PIERIK (NLD-EPP)","Bettina VOLLATH (AUT-SD)",1
"Annie SCHREIJER-PIERIK (NLD-EPP)","Manuel PIZARRO (PRT-SD)",1
"Annie SCHREIJER-PIERIK (NLD-EPP)","Andrea CAROPPO (ITA-EPP)",1
"Johan VAN OVERTVELDT (BEL-ECR)","Geert BOURGEOIS (BEL-ECR)",1
"Johan VAN OVERTVELDT (BEL-ECR)","Assita KANKO (BEL-ECR)",1
"Nikos ANDROULAKIS (GRC-SD)","Christophe HANSEN (LUX-EPP)",1
"Nikos ANDROULAKIS (GRC-SD)","Erik BERGKVIST (SWE-SD)",1
"Nikos ANDROULAKIS (GRC-SD)","Chrysoula ZACHAROPOULOU (FRA-RENEW)",1
"Nikos ANDROULAKIS (GRC-SD)","Agnès EVREN (FRA-EPP)",1
"Nikos ANDROULAKIS (GRC-SD)","Luis GARICANO (ESP-RENEW)",1
"Nikos ANDROULAKIS (GRC-SD)","Søren GADE (DNK-RENEW)",1
"Nikos ANDROULAKIS (GRC-SD)","Pierfrancesco MAJORINO (ITA-SD)",1
"Nikos ANDROULAKIS (GRC-SD)","Véronique TRILLET-LENOIR (FRA-RENEW)",1
"Nikos ANDROULAKIS (GRC-SD)","Carlo CALENDA (ITA-SD)",1
"Nikos ANDROULAKIS (GRC-SD)","Bettina VOLLATH (AUT-SD)",1
"Nikos ANDROULAKIS (GRC-SD)","Manuel PIZARRO (PRT-SD)",1
"Nikos ANDROULAKIS (GRC-SD)","Adriana MALDONADO LÓPEZ (ESP-SD)",1
"Nikos ANDROULAKIS (GRC-SD)","Luisa REGIMENTI (ITA-ID)",1
"Nikos ANDROULAKIS (GRC-SD)","Andrea CAROPPO (ITA-EPP)",1
"Markus BUCHHEIT (DEU-ID)","Gunnar BECK (DEU-ID)",1
"Markus BUCHHEIT (DEU-ID)","Tom VANDENDRIESSCHE (BEL-ID)",1
"Markus BUCHHEIT (DEU-ID)","Jörg MEUTHEN (DEU-ID)",1
"Markus BUCHHEIT (DEU-ID)","Filip DE MAN (BEL-ID)",1
"Markus BUCHHEIT (DEU-ID)","Christine ANDERSON (DEU-ID)",1
"Markus BUCHHEIT (DEU-ID)","Nicolaus FEST (DEU-ID)",1
"Markus BUCHHEIT (DEU-ID)","Maximilian KRAH (DEU-ID)",1
"Markus BUCHHEIT (DEU-ID)","Joachim KUHS (DEU-ID)",1
"Markus BUCHHEIT (DEU-ID)","Sylvia LIMMER (DEU-ID)",1
"Markus BUCHHEIT (DEU-ID)","Guido REIL (DEU-ID)",1
"Markus BUCHHEIT (DEU-ID)","Bernhard ZIMNIOK (DEU-ID)",1
"Markus BUCHHEIT (DEU-ID)","Roman HAIDER (AUT-ID)",1
"Tom VANDENKENDELAERE (BEL-EPP)","Colm MARKEY (IRL-EPP)",1
"Stelios KOULOGLOU (GRC-GUE_NGL)","Sira REGO (ESP-GUE_NGL)",1
"Stelios KOULOGLOU (GRC-GUE_NGL)","Konstantinos ARVANITIS (GRC-GUE_NGL)",1
"Stelios KOULOGLOU (GRC-GUE_NGL)","Petros KOKKALIS (GRC-GUE_NGL)",1
"Miguel URBÁN CRESPO (ESP-GUE_NGL)","Marc BOTENGA (BEL-GUE_NGL)",1
"Miguel URBÁN CRESPO (ESP-GUE_NGL)","Martin SCHIRDEWAN (DEU-GUE_NGL)",1
"Miguel URBÁN CRESPO (ESP-GUE_NGL)","Niyazi KIZILYÜREK (CYP-GUE_NGL)",1
"Miguel URBÁN CRESPO (ESP-GUE_NGL)","Giorgos GEORGIOU (CYP-GUE_NGL)",1
"Miguel URBÁN CRESPO (ESP-GUE_NGL)","Özlem DEMIREL (DEU-GUE_NGL)",1
"Miguel URBÁN CRESPO (ESP-GUE_NGL)","Manon AUBRY (FRA-GUE_NGL)",1
"Miguel URBÁN CRESPO (ESP-GUE_NGL)","Sira REGO (ESP-GUE_NGL)",1
"Miguel URBÁN CRESPO (ESP-GUE_NGL)","Pernando BARRENA ARZA (ESP-GUE_NGL)",1
"Miguel URBÁN CRESPO (ESP-GUE_NGL)","Konstantinos ARVANITIS (GRC-GUE_NGL)",1
"Miguel URBÁN CRESPO (ESP-GUE_NGL)","Clare DALY (IRL-GUE_NGL)",1
"Miguel URBÁN CRESPO (ESP-GUE_NGL)","Eugenia RODRÍGUEZ PALOP (ESP-GUE_NGL)",1
"Miguel URBÁN CRESPO (ESP-GUE_NGL)","Silvia MODIG (FIN-GUE_NGL)",1
"Miguel URBÁN CRESPO (ESP-GUE_NGL)","Mick WALLACE (IRL-GUE_NGL)",1
"Miguel URBÁN CRESPO (ESP-GUE_NGL)","Idoia VILLANUEVA RUIZ (ESP-GUE_NGL)",1
"Miguel URBÁN CRESPO (ESP-GUE_NGL)","Manu PINEDA (ESP-GUE_NGL)",1
"Jordan BARDELLA (FRA-ID)","Annika BRUNA (FRA-ID)",1
"Jordan BARDELLA (FRA-ID)","France JAMET (FRA-ID)",1
"Jordan BARDELLA (FRA-ID)","Hélène LAPORTE (FRA-ID)",1
"Jordan BARDELLA (FRA-ID)","Jérôme RIVIÈRE (FRA-ID)",1
"Jordan BARDELLA (FRA-ID)","Thierry MARIANI (FRA-ID)",1
"Jordan BARDELLA (FRA-ID)","Hervé JUVIN (FRA-ID)",1
"Jordan BARDELLA (FRA-ID)","Virginie JORON (FRA-ID)",1
"Jordan BARDELLA (FRA-ID)","Jean-Paul GARRAUD (FRA-ID)",1
"Jordan BARDELLA (FRA-ID)","Aurélia BEIGNEUX (FRA-ID)",1
"Jordan BARDELLA (FRA-ID)","Gilbert COLLARD (FRA-ID)",1
"Jordan BARDELLA (FRA-ID)","Philippe OLIVIER (FRA-ID)",1
"Jordan BARDELLA (FRA-ID)","André ROUGÉ (FRA-ID)",1
"Jordan BARDELLA (FRA-ID)","Mathilde ANDROUËT (FRA-ID)",1
"Jordan BARDELLA (FRA-ID)","Jean-Lin LACAPELLE (FRA-ID)",1
"Gunnar BECK (DEU-ID)","Christine ANDERSON (DEU-ID)",1
"Gunnar BECK (DEU-ID)","Nicolaus FEST (DEU-ID)",1
"Gunnar BECK (DEU-ID)","Maximilian KRAH (DEU-ID)",1
"Gunnar BECK (DEU-ID)","Joachim KUHS (DEU-ID)",1
"Gunnar BECK (DEU-ID)","Sylvia LIMMER (DEU-ID)",1
"Gunnar BECK (DEU-ID)","Guido REIL (DEU-ID)",1
"Gunnar BECK (DEU-ID)","Bernhard ZIMNIOK (DEU-ID)",1
"João PIMENTA LOPES (PRT-GUE_NGL)","Sandra PEREIRA (PRT-GUE_NGL)",1
"Annika BRUNA (FRA-ID)","France JAMET (FRA-ID)",1
"Annika BRUNA (FRA-ID)","Hélène LAPORTE (FRA-ID)",1
"Annika BRUNA (FRA-ID)","Jérôme RIVIÈRE (FRA-ID)",1
"Annika BRUNA (FRA-ID)","Thierry MARIANI (FRA-ID)",1
"Annika BRUNA (FRA-ID)","Hervé JUVIN (FRA-ID)",1
"Annika BRUNA (FRA-ID)","Virginie JORON (FRA-ID)",1
"Annika BRUNA (FRA-ID)","Jean-Paul GARRAUD (FRA-ID)",1
"Annika BRUNA (FRA-ID)","Aurélia BEIGNEUX (FRA-ID)",1
"Annika BRUNA (FRA-ID)","Philippe OLIVIER (FRA-ID)",1
"Annika BRUNA (FRA-ID)","André ROUGÉ (FRA-ID)",1
"Annika BRUNA (FRA-ID)","Mathilde ANDROUËT (FRA-ID)",1
"Annika BRUNA (FRA-ID)","Jean-Lin LACAPELLE (FRA-ID)",1
"Angelo CIOCCA (ITA-ID)","Danilo Oscar LANCINI (ITA-ID)",1
"Angelo CIOCCA (ITA-ID)","Silvia SARDONE (ITA-ID)",1
"Angelo CIOCCA (ITA-ID)","Isabella TOVAGLIERI (ITA-ID)",1
"Angelo CIOCCA (ITA-ID)","Gianna GANCIA (ITA-ID)",1
"Angelo CIOCCA (ITA-ID)","Gianantonio DA RE (ITA-ID)",1
"Angelo CIOCCA (ITA-ID)","Alessandra BASSO (ITA-ID)",1
"Angelo CIOCCA (ITA-ID)","Elena LIZZI (ITA-ID)",1
"Angelo CIOCCA (ITA-ID)","Marco DREOSTO (ITA-ID)",1
"Angelo CIOCCA (ITA-ID)","Rosanna CONTE (ITA-ID)",1
"Angelo CIOCCA (ITA-ID)","Susanna CECCARDI (ITA-ID)",1
"Angelo CIOCCA (ITA-ID)","Antonio Maria RINALDI (ITA-ID)",1
"Angelo CIOCCA (ITA-ID)","Anna BONFRISCO (ITA-ID)",1
"Angelo CIOCCA (ITA-ID)","Simona BALDASSARRE (ITA-ID)",1
"Angelo CIOCCA (ITA-ID)","Valentino GRANT (ITA-ID)",1
"Angelo CIOCCA (ITA-ID)","Annalisa TARDINO (ITA-ID)",1
"Angelo CIOCCA (ITA-ID)","Matteo ADINOLFI (ITA-ID)",1
"Tom VANDENDRIESSCHE (BEL-ID)","Filip DE MAN (BEL-ID)",1
"Tom VANDENDRIESSCHE (BEL-ID)","Nicolaus FEST (DEU-ID)",1
"Tom VANDENDRIESSCHE (BEL-ID)","Joachim KUHS (DEU-ID)",1
"Tom VANDENDRIESSCHE (BEL-ID)","Guido REIL (DEU-ID)",1
"Tom VANDENDRIESSCHE (BEL-ID)","Bernhard ZIMNIOK (DEU-ID)",1
"Tom VANDENDRIESSCHE (BEL-ID)","Jaak MADISON (EST-ID)",1
"Tom VANDENDRIESSCHE (BEL-ID)","Roman HAIDER (AUT-ID)",1
"Marc BOTENGA (BEL-GUE_NGL)","Martin SCHIRDEWAN (DEU-GUE_NGL)",1
"Marc BOTENGA (BEL-GUE_NGL)","Niyazi KIZILYÜREK (CYP-GUE_NGL)",1
"Marc BOTENGA (BEL-GUE_NGL)","Giorgos GEORGIOU (CYP-GUE_NGL)",1
"Marc BOTENGA (BEL-GUE_NGL)","Özlem DEMIREL (DEU-GUE_NGL)",1
"Marc BOTENGA (BEL-GUE_NGL)","Sira REGO (ESP-GUE_NGL)",1
"Marc BOTENGA (BEL-GUE_NGL)","Pernando BARRENA ARZA (ESP-GUE_NGL)",1
"Marc BOTENGA (BEL-GUE_NGL)","Clare DALY (IRL-GUE_NGL)",1
"Marc BOTENGA (BEL-GUE_NGL)","Eugenia RODRÍGUEZ PALOP (ESP-GUE_NGL)",1
"Marc BOTENGA (BEL-GUE_NGL)","Mick WALLACE (IRL-GUE_NGL)",1
"Marc BOTENGA (BEL-GUE_NGL)","Idoia VILLANUEVA RUIZ (ESP-GUE_NGL)",1
"Marc BOTENGA (BEL-GUE_NGL)","Manu PINEDA (ESP-GUE_NGL)",1
"France JAMET (FRA-ID)","Jérôme RIVIÈRE (FRA-ID)",1
"France JAMET (FRA-ID)","Thierry MARIANI (FRA-ID)",1
"France JAMET (FRA-ID)","Hervé JUVIN (FRA-ID)",1
"France JAMET (FRA-ID)","Virginie JORON (FRA-ID)",1
"France JAMET (FRA-ID)","Jean-Paul GARRAUD (FRA-ID)",1
"France JAMET (FRA-ID)","Aurélia BEIGNEUX (FRA-ID)",1
"France JAMET (FRA-ID)","Philippe OLIVIER (FRA-ID)",1
"France JAMET (FRA-ID)","André ROUGÉ (FRA-ID)",1
"France JAMET (FRA-ID)","Mathilde ANDROUËT (FRA-ID)",1
"France JAMET (FRA-ID)","Jean-Lin LACAPELLE (FRA-ID)",1
"Martin SCHIRDEWAN (DEU-GUE_NGL)","Niyazi KIZILYÜREK (CYP-GUE_NGL)",1
"Martin SCHIRDEWAN (DEU-GUE_NGL)","Özlem DEMIREL (DEU-GUE_NGL)",1
"Martin SCHIRDEWAN (DEU-GUE_NGL)","Konstantinos ARVANITIS (GRC-GUE_NGL)",1
"Martin SCHIRDEWAN (DEU-GUE_NGL)","Eugenia RODRÍGUEZ PALOP (ESP-GUE_NGL)",1
"Martin SCHIRDEWAN (DEU-GUE_NGL)","Silvia MODIG (FIN-GUE_NGL)",1
"Martin SCHIRDEWAN (DEU-GUE_NGL)","Mick WALLACE (IRL-GUE_NGL)",1
"Martin SCHIRDEWAN (DEU-GUE_NGL)","Idoia VILLANUEVA RUIZ (ESP-GUE_NGL)",1
"Martin SCHIRDEWAN (DEU-GUE_NGL)","Manu PINEDA (ESP-GUE_NGL)",1
"Jörg MEUTHEN (DEU-ID)","Lars Patrick BERG (DEU-ECR)",1
"Jörg MEUTHEN (DEU-ID)","Nicolaus FEST (DEU-ID)",1
"Jörg MEUTHEN (DEU-ID)","Maximilian KRAH (DEU-ID)",1
"Jörg MEUTHEN (DEU-ID)","Joachim KUHS (DEU-ID)",1
"Jörg MEUTHEN (DEU-ID)","Sylvia LIMMER (DEU-ID)",1
"Jörg MEUTHEN (DEU-ID)","Guido REIL (DEU-ID)",1
"Jörg MEUTHEN (DEU-ID)","Bernhard ZIMNIOK (DEU-ID)",1
"Jörg MEUTHEN (DEU-ID)","Ladislav ILČIĆ (HRV-ECR)",1
"Danilo Oscar LANCINI (ITA-ID)","Silvia SARDONE (ITA-ID)",1
"Danilo Oscar LANCINI (ITA-ID)","Isabella TOVAGLIERI (ITA-ID)",1
"Danilo Oscar LANCINI (ITA-ID)","Gianna GANCIA (ITA-ID)",1
"Danilo Oscar LANCINI (ITA-ID)","Stefania ZAMBELLI (ITA-ID)",1
"Danilo Oscar LANCINI (ITA-ID)","Gianantonio DA RE (ITA-ID)",1
"Danilo Oscar LANCINI (ITA-ID)","Alessandra BASSO (ITA-ID)",1
"Danilo Oscar LANCINI (ITA-ID)","Elena LIZZI (ITA-ID)",1
"Danilo Oscar LANCINI (ITA-ID)","Rosanna CONTE (ITA-ID)",1
"Danilo Oscar LANCINI (ITA-ID)","Susanna CECCARDI (ITA-ID)",1
"Danilo Oscar LANCINI (ITA-ID)","Antonio Maria RINALDI (ITA-ID)",1
"Danilo Oscar LANCINI (ITA-ID)","Anna BONFRISCO (ITA-ID)",1
"Danilo Oscar LANCINI (ITA-ID)","Simona BALDASSARRE (ITA-ID)",1
"Danilo Oscar LANCINI (ITA-ID)","Massimo CASANOVA (ITA-ID)",1
"Danilo Oscar LANCINI (ITA-ID)","Valentino GRANT (ITA-ID)",1
"Danilo Oscar LANCINI (ITA-ID)","Annalisa TARDINO (ITA-ID)",1
"Danilo Oscar LANCINI (ITA-ID)","Matteo ADINOLFI (ITA-ID)",1
"Tilly METZ (LUX-GREEN_EFA)","Caroline ROOSE (FRA-GREEN_EFA)",1
"Christophe HANSEN (LUX-EPP)","Erik BERGKVIST (SWE-SD)",1
"Christophe HANSEN (LUX-EPP)","Bartosz ARŁUKOWICZ (POL-EPP)",1
"Christophe HANSEN (LUX-EPP)","Agnès EVREN (FRA-EPP)",1
"Christophe HANSEN (LUX-EPP)","Radosław SIKORSKI (POL-EPP)",1
"Christophe HANSEN (LUX-EPP)","Pierfrancesco MAJORINO (ITA-SD)",1
"Christophe HANSEN (LUX-EPP)","Véronique TRILLET-LENOIR (FRA-RENEW)",1
"Christophe HANSEN (LUX-EPP)","Simone SCHMIEDTBAUER (AUT-EPP)",1
"Christophe HANSEN (LUX-EPP)","Adriana MALDONADO LÓPEZ (ESP-SD)",1
"Christophe HANSEN (LUX-EPP)","Álvaro AMARO (PRT-EPP)",1
"Erik BERGKVIST (SWE-SD)","Bartosz ARŁUKOWICZ (POL-EPP)",1
"Erik BERGKVIST (SWE-SD)","Chrysoula ZACHAROPOULOU (FRA-RENEW)",1
"Erik BERGKVIST (SWE-SD)","Agnès EVREN (FRA-EPP)",1
"Erik BERGKVIST (SWE-SD)","Pierfrancesco MAJORINO (ITA-SD)",1
"Erik BERGKVIST (SWE-SD)","Véronique TRILLET-LENOIR (FRA-RENEW)",1
"Erik BERGKVIST (SWE-SD)","Simone SCHMIEDTBAUER (AUT-EPP)",1
"Erik BERGKVIST (SWE-SD)","Adriana MALDONADO LÓPEZ (ESP-SD)",1
"Erik BERGKVIST (SWE-SD)","Álvaro AMARO (PRT-EPP)",1
"Tomas TOBÉ (SWE-EPP)","Jessica POLFJÄRD (SWE-EPP)",1
"Tomas TOBÉ (SWE-EPP)","Jörgen WARBORN (SWE-EPP)",1
"Jessica POLFJÄRD (SWE-EPP)","Jörgen WARBORN (SWE-EPP)",1
"Niyazi KIZILYÜREK (CYP-GUE_NGL)","Giorgos GEORGIOU (CYP-GUE_NGL)",1
"Niyazi KIZILYÜREK (CYP-GUE_NGL)","Özlem DEMIREL (DEU-GUE_NGL)",1
"Niyazi KIZILYÜREK (CYP-GUE_NGL)","Sira REGO (ESP-GUE_NGL)",1
"Niyazi KIZILYÜREK (CYP-GUE_NGL)","Pernando BARRENA ARZA (ESP-GUE_NGL)",1
"Niyazi KIZILYÜREK (CYP-GUE_NGL)","Eugenia RODRÍGUEZ PALOP (ESP-GUE_NGL)",1
"Niyazi KIZILYÜREK (CYP-GUE_NGL)","Idoia VILLANUEVA RUIZ (ESP-GUE_NGL)",1
"Niyazi KIZILYÜREK (CYP-GUE_NGL)","Manu PINEDA (ESP-GUE_NGL)",1
"Giorgos GEORGIOU (CYP-GUE_NGL)","Özlem DEMIREL (DEU-GUE_NGL)",1
"Giorgos GEORGIOU (CYP-GUE_NGL)","Sira REGO (ESP-GUE_NGL)",1
"Giorgos GEORGIOU (CYP-GUE_NGL)","Pernando BARRENA ARZA (ESP-GUE_NGL)",1
"Giorgos GEORGIOU (CYP-GUE_NGL)","Clare DALY (IRL-GUE_NGL)",1
"Giorgos GEORGIOU (CYP-GUE_NGL)","Eugenia RODRÍGUEZ PALOP (ESP-GUE_NGL)",1
"Giorgos GEORGIOU (CYP-GUE_NGL)","Idoia VILLANUEVA RUIZ (ESP-GUE_NGL)",1
"Giorgos GEORGIOU (CYP-GUE_NGL)","Manu PINEDA (ESP-GUE_NGL)",1
"Patrick BREYER (DEU-GREEN_EFA)","Mikuláš PEKSA (CZE-GREEN_EFA)",1
"Patrick BREYER (DEU-GREEN_EFA)","Marcel KOLAJA (CZE-GREEN_EFA)",1
"Patrick BREYER (DEU-GREEN_EFA)","Markéta GREGOROVÁ (CZE-GREEN_EFA)",1
"Jan-Christoph OETJEN (DEU-RENEW)","Andreas GLÜCK (DEU-RENEW)",1
"Jan-Christoph OETJEN (DEU-RENEW)","Svenja HAHN (DEU-RENEW)",1
"Jan-Christoph OETJEN (DEU-RENEW)","Moritz KÖRNER (DEU-RENEW)",1
"Svenja HAHN (DEU-RENEW)","Moritz KÖRNER (DEU-RENEW)",1
"Geert BOURGEOIS (BEL-ECR)","Assita KANKO (BEL-ECR)",1
"Özlem DEMIREL (DEU-GUE_NGL)","Sira REGO (ESP-GUE_NGL)",1
"Özlem DEMIREL (DEU-GUE_NGL)","Pernando BARRENA ARZA (ESP-GUE_NGL)",1
"Özlem DEMIREL (DEU-GUE_NGL)","Clare DALY (IRL-GUE_NGL)",1
"Özlem DEMIREL (DEU-GUE_NGL)","Eugenia RODRÍGUEZ PALOP (ESP-GUE_NGL)",1
"Özlem DEMIREL (DEU-GUE_NGL)","Mick WALLACE (IRL-GUE_NGL)",1
"Özlem DEMIREL (DEU-GUE_NGL)","Idoia VILLANUEVA RUIZ (ESP-GUE_NGL)",1
"Özlem DEMIREL (DEU-GUE_NGL)","Manu PINEDA (ESP-GUE_NGL)",1
"Filip DE MAN (BEL-ID)","Nicolaus FEST (DEU-ID)",1
"Filip DE MAN (BEL-ID)","Sylvia LIMMER (DEU-ID)",1
"Filip DE MAN (BEL-ID)","Guido REIL (DEU-ID)",1
"Filip DE MAN (BEL-ID)","Bernhard ZIMNIOK (DEU-ID)",1
"Filip DE MAN (BEL-ID)","Jaak MADISON (EST-ID)",1
"Filip DE MAN (BEL-ID)","Roman HAIDER (AUT-ID)",1
"Christine ANDERSON (DEU-ID)","Nicolaus FEST (DEU-ID)",1
"Christine ANDERSON (DEU-ID)","Maximilian KRAH (DEU-ID)",1
"Christine ANDERSON (DEU-ID)","Joachim KUHS (DEU-ID)",1
"Christine ANDERSON (DEU-ID)","Sylvia LIMMER (DEU-ID)",1
"Christine ANDERSON (DEU-ID)","Guido REIL (DEU-ID)",1
"Christine ANDERSON (DEU-ID)","Bernhard ZIMNIOK (DEU-ID)",1
"Lars Patrick BERG (DEU-ECR)","Guido REIL (DEU-ID)",1
"Nicolaus FEST (DEU-ID)","Maximilian KRAH (DEU-ID)",1
"Nicolaus FEST (DEU-ID)","Joachim KUHS (DEU-ID)",1
"Nicolaus FEST (DEU-ID)","Sylvia LIMMER (DEU-ID)",1
"Nicolaus FEST (DEU-ID)","Guido REIL (DEU-ID)",1
"Nicolaus FEST (DEU-ID)","Bernhard ZIMNIOK (DEU-ID)",1
"Maximilian KRAH (DEU-ID)","Joachim KUHS (DEU-ID)",1
"Maximilian KRAH (DEU-ID)","Sylvia LIMMER (DEU-ID)",1
"Maximilian KRAH (DEU-ID)","Guido REIL (DEU-ID)",1
"Maximilian KRAH (DEU-ID)","Bernhard ZIMNIOK (DEU-ID)",1
"Maximilian KRAH (DEU-ID)","Roman HAIDER (AUT-ID)",1
"Joachim KUHS (DEU-ID)","Sylvia LIMMER (DEU-ID)",1
"Joachim KUHS (DEU-ID)","Guido REIL (DEU-ID)",1
"Joachim KUHS (DEU-ID)","Bernhard ZIMNIOK (DEU-ID)",1
"Sylvia LIMMER (DEU-ID)","Guido REIL (DEU-ID)",1
"Sylvia LIMMER (DEU-ID)","Bernhard ZIMNIOK (DEU-ID)",1
"Guido REIL (DEU-ID)","Bernhard ZIMNIOK (DEU-ID)",1
"Guido REIL (DEU-ID)","Roman HAIDER (AUT-ID)",1
"Bernhard ZIMNIOK (DEU-ID)","Roman HAIDER (AUT-ID)",1
"Bartosz ARŁUKOWICZ (POL-EPP)","Agnès EVREN (FRA-EPP)",1
"Bartosz ARŁUKOWICZ (POL-EPP)","Luis GARICANO (ESP-RENEW)",1
"Bartosz ARŁUKOWICZ (POL-EPP)","Pierfrancesco MAJORINO (ITA-SD)",1
"Bartosz ARŁUKOWICZ (POL-EPP)","Véronique TRILLET-LENOIR (FRA-RENEW)",1
"Bartosz ARŁUKOWICZ (POL-EPP)","Simone SCHMIEDTBAUER (AUT-EPP)",1
"Bartosz ARŁUKOWICZ (POL-EPP)","Adriana MALDONADO LÓPEZ (ESP-SD)",1
"Bartosz ARŁUKOWICZ (POL-EPP)","Álvaro AMARO (PRT-EPP)",1
"Jaak MADISON (EST-ID)","Laura HUHTASAARI (FIN-ID)",1
"Jaak MADISON (EST-ID)","Teuvo HAKKARAINEN (FIN-ID)",1
"Jaak MADISON (EST-ID)","Roman HAIDER (AUT-ID)",1
"Chrysoula ZACHAROPOULOU (FRA-RENEW)","Luis GARICANO (ESP-RENEW)",1
"Chrysoula ZACHAROPOULOU (FRA-RENEW)","Søren GADE (DNK-RENEW)",1
"Chrysoula ZACHAROPOULOU (FRA-RENEW)","Pierfrancesco MAJORINO (ITA-SD)",1
"Chrysoula ZACHAROPOULOU (FRA-RENEW)","Carlo CALENDA (ITA-SD)",1
"Chrysoula ZACHAROPOULOU (FRA-RENEW)","Simone SCHMIEDTBAUER (AUT-EPP)",1
"Chrysoula ZACHAROPOULOU (FRA-RENEW)","Bettina VOLLATH (AUT-SD)",1
"Chrysoula ZACHAROPOULOU (FRA-RENEW)","Pernando BARRENA ARZA (ESP-GUE_NGL)",1
"Chrysoula ZACHAROPOULOU (FRA-RENEW)","Manuel PIZARRO (PRT-SD)",1
"Chrysoula ZACHAROPOULOU (FRA-RENEW)","Adriana MALDONADO LÓPEZ (ESP-SD)",1
"Chrysoula ZACHAROPOULOU (FRA-RENEW)","Álvaro AMARO (PRT-EPP)",1
"Chrysoula ZACHAROPOULOU (FRA-RENEW)","Andrea CAROPPO (ITA-EPP)",1
"Mounir SATOURI (FRA-GREEN_EFA)","Caroline ROOSE (FRA-GREEN_EFA)",1
"Mounir SATOURI (FRA-GREEN_EFA)","Benoît BITEAU (FRA-GREEN_EFA)",1
"Joachim Stanisław BRUDZIŃSKI (POL-ECR)","Patryk JAKI (POL-ECR)",1
"Joachim Stanisław BRUDZIŃSKI (POL-ECR)","Krzysztof JURGIEL (POL-ECR)",1
"Joachim Stanisław BRUDZIŃSKI (POL-ECR)","Beata KEMPA (POL-ECR)",1
"Joachim Stanisław BRUDZIŃSKI (POL-ECR)","Izabela-Helena KLOC (POL-ECR)",1
"Joachim Stanisław BRUDZIŃSKI (POL-ECR)","Joanna KOPCIŃSKA (POL-ECR)",1
"Joachim Stanisław BRUDZIŃSKI (POL-ECR)","Elżbieta KRUK (POL-ECR)",1
"Joachim Stanisław BRUDZIŃSKI (POL-ECR)","Beata MAZUREK (POL-ECR)",1
"Joachim Stanisław BRUDZIŃSKI (POL-ECR)","Andżelika Anna MOŻDŻANOWSKA (POL-ECR)",1
"Joachim Stanisław BRUDZIŃSKI (POL-ECR)","Elżbieta RAFALSKA (POL-ECR)",1
"Joachim Stanisław BRUDZIŃSKI (POL-ECR)","Bogdan RZOŃCA (POL-ECR)",1
"Joachim Stanisław BRUDZIŃSKI (POL-ECR)","Beata SZYDŁO (POL-ECR)",1
"Joachim Stanisław BRUDZIŃSKI (POL-ECR)","Grzegorz TOBISZOWSKI (POL-ECR)",1
"Joachim Stanisław BRUDZIŃSKI (POL-ECR)","Witold Jan WASZCZYKOWSKI (POL-ECR)",1
"Joachim Stanisław BRUDZIŃSKI (POL-ECR)","Anna ZALEWSKA (POL-ECR)",1
"Joachim Stanisław BRUDZIŃSKI (POL-ECR)","Pietro FIOCCHI (ITA-ECR)",1
"Joachim Stanisław BRUDZIŃSKI (POL-ECR)","Raffaele STANCANELLI (ITA-ECR)",1
"Joachim Stanisław BRUDZIŃSKI (POL-ECR)","Dominik TARCZYŃSKI (POL-ECR)",1
"Caroline ROOSE (FRA-GREEN_EFA)","Benoît BITEAU (FRA-GREEN_EFA)",1
"Benoît BITEAU (FRA-GREEN_EFA)","Claude GRUFFAT (FRA-GREEN_EFA)",1
"Patryk JAKI (POL-ECR)","Krzysztof JURGIEL (POL-ECR)",1
"Patryk JAKI (POL-ECR)","Beata KEMPA (POL-ECR)",1
"Patryk JAKI (POL-ECR)","Izabela-Helena KLOC (POL-ECR)",1
"Patryk JAKI (POL-ECR)","Joanna KOPCIŃSKA (POL-ECR)",1
"Patryk JAKI (POL-ECR)","Elżbieta KRUK (POL-ECR)",1
"Patryk JAKI (POL-ECR)","Beata MAZUREK (POL-ECR)",1
"Patryk JAKI (POL-ECR)","Andżelika Anna MOŻDŻANOWSKA (POL-ECR)",1
"Patryk JAKI (POL-ECR)","Elżbieta RAFALSKA (POL-ECR)",1
"Patryk JAKI (POL-ECR)","Bogdan RZOŃCA (POL-ECR)",1
"Patryk JAKI (POL-ECR)","Beata SZYDŁO (POL-ECR)",1
"Patryk JAKI (POL-ECR)","Grzegorz TOBISZOWSKI (POL-ECR)",1
"Patryk JAKI (POL-ECR)","Witold Jan WASZCZYKOWSKI (POL-ECR)",1
"Patryk JAKI (POL-ECR)","Anna ZALEWSKA (POL-ECR)",1
"Patryk JAKI (POL-ECR)","Dominik TARCZYŃSKI (POL-ECR)",1
"Krzysztof JURGIEL (POL-ECR)","Beata KEMPA (POL-ECR)",1
"Krzysztof JURGIEL (POL-ECR)","Izabela-Helena KLOC (POL-ECR)",1
"Krzysztof JURGIEL (POL-ECR)","Joanna KOPCIŃSKA (POL-ECR)",1
"Krzysztof JURGIEL (POL-ECR)","Elżbieta KRUK (POL-ECR)",1
"Krzysztof JURGIEL (POL-ECR)","Beata MAZUREK (POL-ECR)",1
"Krzysztof JURGIEL (POL-ECR)","Andżelika Anna MOŻDŻANOWSKA (POL-ECR)",1
"Krzysztof JURGIEL (POL-ECR)","Elżbieta RAFALSKA (POL-ECR)",1
"Krzysztof JURGIEL (POL-ECR)","Bogdan RZOŃCA (POL-ECR)",1
"Krzysztof JURGIEL (POL-ECR)","Beata SZYDŁO (POL-ECR)",1
"Krzysztof JURGIEL (POL-ECR)","Grzegorz TOBISZOWSKI (POL-ECR)",1
"Krzysztof JURGIEL (POL-ECR)","Witold Jan WASZCZYKOWSKI (POL-ECR)",1
"Krzysztof JURGIEL (POL-ECR)","Anna ZALEWSKA (POL-ECR)",1
"Krzysztof JURGIEL (POL-ECR)","Pietro FIOCCHI (ITA-ECR)",1
"Krzysztof JURGIEL (POL-ECR)","Dominik TARCZYŃSKI (POL-ECR)",1
"Beata KEMPA (POL-ECR)","Izabela-Helena KLOC (POL-ECR)",1
"Beata KEMPA (POL-ECR)","Joanna KOPCIŃSKA (POL-ECR)",1
"Beata KEMPA (POL-ECR)","Elżbieta KRUK (POL-ECR)",1
"Beata KEMPA (POL-ECR)","Beata MAZUREK (POL-ECR)",1
"Beata KEMPA (POL-ECR)","Andżelika Anna MOŻDŻANOWSKA (POL-ECR)",1
"Beata KEMPA (POL-ECR)","Elżbieta RAFALSKA (POL-ECR)",1
"Beata KEMPA (POL-ECR)","Bogdan RZOŃCA (POL-ECR)",1
"Beata KEMPA (POL-ECR)","Beata SZYDŁO (POL-ECR)",1
"Beata KEMPA (POL-ECR)","Grzegorz TOBISZOWSKI (POL-ECR)",1
"Beata KEMPA (POL-ECR)","Witold Jan WASZCZYKOWSKI (POL-ECR)",1
"Beata KEMPA (POL-ECR)","Anna ZALEWSKA (POL-ECR)",1
"Beata KEMPA (POL-ECR)","Pietro FIOCCHI (ITA-ECR)",1
"Beata KEMPA (POL-ECR)","Dominik TARCZYŃSKI (POL-ECR)",1
"Izabela-Helena KLOC (POL-ECR)","Joanna KOPCIŃSKA (POL-ECR)",1
"Izabela-Helena KLOC (POL-ECR)","Elżbieta KRUK (POL-ECR)",1
"Izabela-Helena KLOC (POL-ECR)","Beata MAZUREK (POL-ECR)",1
"Izabela-Helena KLOC (POL-ECR)","Andżelika Anna MOŻDŻANOWSKA (POL-ECR)",1
"Izabela-Helena KLOC (POL-ECR)","Elżbieta RAFALSKA (POL-ECR)",1
"Izabela-Helena KLOC (POL-ECR)","Bogdan RZOŃCA (POL-ECR)",1
"Izabela-Helena KLOC (POL-ECR)","Beata SZYDŁO (POL-ECR)",1
"Izabela-Helena KLOC (POL-ECR)","Grzegorz TOBISZOWSKI (POL-ECR)",1
"Izabela-Helena KLOC (POL-ECR)","Witold Jan WASZCZYKOWSKI (POL-ECR)",1
"Izabela-Helena KLOC (POL-ECR)","Anna ZALEWSKA (POL-ECR)",1
"Izabela-Helena KLOC (POL-ECR)","Dominik TARCZYŃSKI (POL-ECR)",1
"Martin HLAVÁČEK (CZE-RENEW)","Ondřej KNOTEK (CZE-RENEW)",1
"Anne-Sophie PELLETIER (FRA-GUE_NGL)","Leila CHAIBI (FRA-GUE_NGL)",1
"Anne-Sophie PELLETIER (FRA-GUE_NGL)","Manon AUBRY (FRA-GUE_NGL)",1
"Leila CHAIBI (FRA-GUE_NGL)","Manon AUBRY (FRA-GUE_NGL)",1
"Leila CHAIBI (FRA-GUE_NGL)","Silvia MODIG (FIN-GUE_NGL)",1
"Joanna KOPCIŃSKA (POL-ECR)","Elżbieta KRUK (POL-ECR)",1
"Joanna KOPCIŃSKA (POL-ECR)","Beata MAZUREK (POL-ECR)",1
"Joanna KOPCIŃSKA (POL-ECR)","Andżelika Anna MOŻDŻANOWSKA (POL-ECR)",1
"Joanna KOPCIŃSKA (POL-ECR)","Elżbieta RAFALSKA (POL-ECR)",1
"Joanna KOPCIŃSKA (POL-ECR)","Bogdan RZOŃCA (POL-ECR)",1
"Joanna KOPCIŃSKA (POL-ECR)","Beata SZYDŁO (POL-ECR)",1
"Joanna KOPCIŃSKA (POL-ECR)","Grzegorz TOBISZOWSKI (POL-ECR)",1
"Joanna KOPCIŃSKA (POL-ECR)","Witold Jan WASZCZYKOWSKI (POL-ECR)",1
"Joanna KOPCIŃSKA (POL-ECR)","Anna ZALEWSKA (POL-ECR)",1
"Joanna KOPCIŃSKA (POL-ECR)","Pietro FIOCCHI (ITA-ECR)",1
"Joanna KOPCIŃSKA (POL-ECR)","Dominik TARCZYŃSKI (POL-ECR)",1
"Elżbieta KRUK (POL-ECR)","Beata MAZUREK (POL-ECR)",1
"Elżbieta KRUK (POL-ECR)","Andżelika Anna MOŻDŻANOWSKA (POL-ECR)",1
"Elżbieta KRUK (POL-ECR)","Elżbieta RAFALSKA (POL-ECR)",1
"Elżbieta KRUK (POL-ECR)","Bogdan RZOŃCA (POL-ECR)",1
"Elżbieta KRUK (POL-ECR)","Beata SZYDŁO (POL-ECR)",1
"Elżbieta KRUK (POL-ECR)","Grzegorz TOBISZOWSKI (POL-ECR)",1
"Elżbieta KRUK (POL-ECR)","Witold Jan WASZCZYKOWSKI (POL-ECR)",1
"Elżbieta KRUK (POL-ECR)","Anna ZALEWSKA (POL-ECR)",1
"Elżbieta KRUK (POL-ECR)","Pietro FIOCCHI (ITA-ECR)",1
"Elżbieta KRUK (POL-ECR)","Dominik TARCZYŃSKI (POL-ECR)",1
"Manon AUBRY (FRA-GUE_NGL)","Clare DALY (IRL-GUE_NGL)",1
"Manon AUBRY (FRA-GUE_NGL)","Mick WALLACE (IRL-GUE_NGL)",1
"Agnès EVREN (FRA-EPP)","Pierfrancesco MAJORINO (ITA-SD)",1
"Agnès EVREN (FRA-EPP)","Véronique TRILLET-LENOIR (FRA-RENEW)",1
"Agnès EVREN (FRA-EPP)","Simone SCHMIEDTBAUER (AUT-EPP)",1
"Agnès EVREN (FRA-EPP)","Adriana MALDONADO LÓPEZ (ESP-SD)",1
"Agnès EVREN (FRA-EPP)","Álvaro AMARO (PRT-EPP)",1
"Alexandr VONDRA (CZE-ECR)","Veronika VRECIONOVÁ (CZE-ECR)",1
"Beata MAZUREK (POL-ECR)","Andżelika Anna MOŻDŻANOWSKA (POL-ECR)",1
"Beata MAZUREK (POL-ECR)","Elżbieta RAFALSKA (POL-ECR)",1
"Beata MAZUREK (POL-ECR)","Bogdan RZOŃCA (POL-ECR)",1
"Beata MAZUREK (POL-ECR)","Beata SZYDŁO (POL-ECR)",1
"Beata MAZUREK (POL-ECR)","Grzegorz TOBISZOWSKI (POL-ECR)",1
"Beata MAZUREK (POL-ECR)","Witold Jan WASZCZYKOWSKI (POL-ECR)",1
"Beata MAZUREK (POL-ECR)","Anna ZALEWSKA (POL-ECR)",1
"Beata MAZUREK (POL-ECR)","Pietro FIOCCHI (ITA-ECR)",1
"Beata MAZUREK (POL-ECR)","Nicola PROCACCINI (ITA-ECR)",1
"Beata MAZUREK (POL-ECR)","Andrey SLABAKOV (BGR-ECR)",1
"Beata MAZUREK (POL-ECR)","Dominik TARCZYŃSKI (POL-ECR)",1
"Mikuláš PEKSA (CZE-GREEN_EFA)","Marcel KOLAJA (CZE-GREEN_EFA)",1
"Mikuláš PEKSA (CZE-GREEN_EFA)","Markéta GREGOROVÁ (CZE-GREEN_EFA)",1
"Andżelika Anna MOŻDŻANOWSKA (POL-ECR)","Elżbieta RAFALSKA (POL-ECR)",1
"Andżelika Anna MOŻDŻANOWSKA (POL-ECR)","Bogdan RZOŃCA (POL-ECR)",1
"Andżelika Anna MOŻDŻANOWSKA (POL-ECR)","Beata SZYDŁO (POL-ECR)",1
"Andżelika Anna MOŻDŻANOWSKA (POL-ECR)","Grzegorz TOBISZOWSKI (POL-ECR)",1
"Andżelika Anna MOŻDŻANOWSKA (POL-ECR)","Witold Jan WASZCZYKOWSKI (POL-ECR)",1
"Andżelika Anna MOŻDŻANOWSKA (POL-ECR)","Anna ZALEWSKA (POL-ECR)",1
"Andżelika Anna MOŻDŻANOWSKA (POL-ECR)","Dominik TARCZYŃSKI (POL-ECR)",1
"Elżbieta RAFALSKA (POL-ECR)","Bogdan RZOŃCA (POL-ECR)",1
"Elżbieta RAFALSKA (POL-ECR)","Beata SZYDŁO (POL-ECR)",1
"Elżbieta RAFALSKA (POL-ECR)","Grzegorz TOBISZOWSKI (POL-ECR)",1
"Elżbieta RAFALSKA (POL-ECR)","Witold Jan WASZCZYKOWSKI (POL-ECR)",1
"Elżbieta RAFALSKA (POL-ECR)","Anna ZALEWSKA (POL-ECR)",1
"Elżbieta RAFALSKA (POL-ECR)","Pietro FIOCCHI (ITA-ECR)",1
"Elżbieta RAFALSKA (POL-ECR)","Dominik TARCZYŃSKI (POL-ECR)",1
"Bogdan RZOŃCA (POL-ECR)","Beata SZYDŁO (POL-ECR)",1
"Bogdan RZOŃCA (POL-ECR)","Grzegorz TOBISZOWSKI (POL-ECR)",1
"Bogdan RZOŃCA (POL-ECR)","Witold Jan WASZCZYKOWSKI (POL-ECR)",1
"Bogdan RZOŃCA (POL-ECR)","Anna ZALEWSKA (POL-ECR)",1
"Bogdan RZOŃCA (POL-ECR)","Pietro FIOCCHI (ITA-ECR)",1
"Bogdan RZOŃCA (POL-ECR)","Dominik TARCZYŃSKI (POL-ECR)",1
"Marcel KOLAJA (CZE-GREEN_EFA)","Markéta GREGOROVÁ (CZE-GREEN_EFA)",1
"Beata SZYDŁO (POL-ECR)","Grzegorz TOBISZOWSKI (POL-ECR)",1
"Beata SZYDŁO (POL-ECR)","Witold Jan WASZCZYKOWSKI (POL-ECR)",1
"Beata SZYDŁO (POL-ECR)","Anna ZALEWSKA (POL-ECR)",1
"Beata SZYDŁO (POL-ECR)","Pietro FIOCCHI (ITA-ECR)",1
"Beata SZYDŁO (POL-ECR)","Dominik TARCZYŃSKI (POL-ECR)",1
"Luis GARICANO (ESP-RENEW)","Søren GADE (DNK-RENEW)",1
"Luis GARICANO (ESP-RENEW)","Peter KOFOD (DNK-ID)",1
"Luis GARICANO (ESP-RENEW)","Pierfrancesco MAJORINO (ITA-SD)",1
"Luis GARICANO (ESP-RENEW)","Hélène LAPORTE (FRA-ID)",1
"Luis GARICANO (ESP-RENEW)","Marco DREOSTO (ITA-ID)",1
"Luis GARICANO (ESP-RENEW)","Carlo CALENDA (ITA-SD)",1
"Luis GARICANO (ESP-RENEW)","Simone SCHMIEDTBAUER (AUT-EPP)",1
"Luis GARICANO (ESP-RENEW)","Bettina VOLLATH (AUT-SD)",1
"Luis GARICANO (ESP-RENEW)","Pernando BARRENA ARZA (ESP-GUE_NGL)",1
"Luis GARICANO (ESP-RENEW)","Manuel PIZARRO (PRT-SD)",1
"Luis GARICANO (ESP-RENEW)","Adriana MALDONADO LÓPEZ (ESP-SD)",1
"Luis GARICANO (ESP-RENEW)","Álvaro AMARO (PRT-EPP)",1
"Luis GARICANO (ESP-RENEW)","Luisa REGIMENTI (ITA-ID)",1
"Luis GARICANO (ESP-RENEW)","Andrea CAROPPO (ITA-EPP)",1
"Søren GADE (DNK-RENEW)","Peter KOFOD (DNK-ID)",1
"Søren GADE (DNK-RENEW)","Pierfrancesco MAJORINO (ITA-SD)",1
"Søren GADE (DNK-RENEW)","Carlo CALENDA (ITA-SD)",1
"Søren GADE (DNK-RENEW)","Bettina VOLLATH (AUT-SD)",1
"Søren GADE (DNK-RENEW)","Manuel PIZARRO (PRT-SD)",1
"Søren GADE (DNK-RENEW)","Adriana MALDONADO LÓPEZ (ESP-SD)",1
"Søren GADE (DNK-RENEW)","Álvaro AMARO (PRT-EPP)",1
"Søren GADE (DNK-RENEW)","Andrea CAROPPO (ITA-EPP)",1
"Grzegorz TOBISZOWSKI (POL-ECR)","Witold Jan WASZCZYKOWSKI (POL-ECR)",1
"Grzegorz TOBISZOWSKI (POL-ECR)","Anna ZALEWSKA (POL-ECR)",1
"Grzegorz TOBISZOWSKI (POL-ECR)","Pietro FIOCCHI (ITA-ECR)",1
"Grzegorz TOBISZOWSKI (POL-ECR)","Dominik TARCZYŃSKI (POL-ECR)",1
"Witold Jan WASZCZYKOWSKI (POL-ECR)","Anna ZALEWSKA (POL-ECR)",1
"Witold Jan WASZCZYKOWSKI (POL-ECR)","Pietro FIOCCHI (ITA-ECR)",1
"Witold Jan WASZCZYKOWSKI (POL-ECR)","Dominik TARCZYŃSKI (POL-ECR)",1
"Anna ZALEWSKA (POL-ECR)","Pietro FIOCCHI (ITA-ECR)",1
"Anna ZALEWSKA (POL-ECR)","Dominik TARCZYŃSKI (POL-ECR)",1
"Silvia SARDONE (ITA-ID)","Isabella TOVAGLIERI (ITA-ID)",1
"Silvia SARDONE (ITA-ID)","Gianna GANCIA (ITA-ID)",1
"Silvia SARDONE (ITA-ID)","Stefania ZAMBELLI (ITA-ID)",1
"Silvia SARDONE (ITA-ID)","Gianantonio DA RE (ITA-ID)",1
"Silvia SARDONE (ITA-ID)","Alessandra BASSO (ITA-ID)",1
"Silvia SARDONE (ITA-ID)","Elena LIZZI (ITA-ID)",1
"Silvia SARDONE (ITA-ID)","Rosanna CONTE (ITA-ID)",1
"Silvia SARDONE (ITA-ID)","Susanna CECCARDI (ITA-ID)",1
"Silvia SARDONE (ITA-ID)","Antonio Maria RINALDI (ITA-ID)",1
"Silvia SARDONE (ITA-ID)","Anna BONFRISCO (ITA-ID)",1
"Silvia SARDONE (ITA-ID)","Simona BALDASSARRE (ITA-ID)",1
"Silvia SARDONE (ITA-ID)","Valentino GRANT (ITA-ID)",1
"Silvia SARDONE (ITA-ID)","Annalisa TARDINO (ITA-ID)",1
"Silvia SARDONE (ITA-ID)","Matteo ADINOLFI (ITA-ID)",1
"Isabella TOVAGLIERI (ITA-ID)","Gianna GANCIA (ITA-ID)",1
"Isabella TOVAGLIERI (ITA-ID)","Stefania ZAMBELLI (ITA-ID)",1
"Isabella TOVAGLIERI (ITA-ID)","Gianantonio DA RE (ITA-ID)",1
"Isabella TOVAGLIERI (ITA-ID)","Alessandra BASSO (ITA-ID)",1
"Isabella TOVAGLIERI (ITA-ID)","Elena LIZZI (ITA-ID)",1
"Isabella TOVAGLIERI (ITA-ID)","Rosanna CONTE (ITA-ID)",1
"Isabella TOVAGLIERI (ITA-ID)","Susanna CECCARDI (ITA-ID)",1
"Isabella TOVAGLIERI (ITA-ID)","Antonio Maria RINALDI (ITA-ID)",1
"Isabella TOVAGLIERI (ITA-ID)","Anna BONFRISCO (ITA-ID)",1
"Isabella TOVAGLIERI (ITA-ID)","Simona BALDASSARRE (ITA-ID)",1
"Isabella TOVAGLIERI (ITA-ID)","Massimo CASANOVA (ITA-ID)",1
"Isabella TOVAGLIERI (ITA-ID)","Valentino GRANT (ITA-ID)",1
"Isabella TOVAGLIERI (ITA-ID)","Annalisa TARDINO (ITA-ID)",1
"Isabella TOVAGLIERI (ITA-ID)","Matteo ADINOLFI (ITA-ID)",1
"Gianna GANCIA (ITA-ID)","Gianantonio DA RE (ITA-ID)",1
"Gianna GANCIA (ITA-ID)","Alessandra BASSO (ITA-ID)",1
"Gianna GANCIA (ITA-ID)","Elena LIZZI (ITA-ID)",1
"Gianna GANCIA (ITA-ID)","Marco DREOSTO (ITA-ID)",1
"Gianna GANCIA (ITA-ID)","Rosanna CONTE (ITA-ID)",1
"Gianna GANCIA (ITA-ID)","Susanna CECCARDI (ITA-ID)",1
"Gianna GANCIA (ITA-ID)","Antonio Maria RINALDI (ITA-ID)",1
"Gianna GANCIA (ITA-ID)","Valentino GRANT (ITA-ID)",1
"Gianna GANCIA (ITA-ID)","Annalisa TARDINO (ITA-ID)",1
"Gianna GANCIA (ITA-ID)","Matteo ADINOLFI (ITA-ID)",1
"Stefania ZAMBELLI (ITA-ID)","Gianantonio DA RE (ITA-ID)",1
"Stefania ZAMBELLI (ITA-ID)","Alessandra BASSO (ITA-ID)",1
"Stefania ZAMBELLI (ITA-ID)","Elena LIZZI (ITA-ID)",1
"Stefania ZAMBELLI (ITA-ID)","Rosanna CONTE (ITA-ID)",1
"Stefania ZAMBELLI (ITA-ID)","Susanna CECCARDI (ITA-ID)",1
"Stefania ZAMBELLI (ITA-ID)","Antonio Maria RINALDI (ITA-ID)",1
"Stefania ZAMBELLI (ITA-ID)","Anna BONFRISCO (ITA-ID)",1
"Stefania ZAMBELLI (ITA-ID)","Matteo ADINOLFI (ITA-ID)",1
"Pierfrancesco MAJORINO (ITA-SD)","Véronique TRILLET-LENOIR (FRA-RENEW)",1
"Pierfrancesco MAJORINO (ITA-SD)","Carlo CALENDA (ITA-SD)",1
"Pierfrancesco MAJORINO (ITA-SD)","Simone SCHMIEDTBAUER (AUT-EPP)",1
"Pierfrancesco MAJORINO (ITA-SD)","Bettina VOLLATH (AUT-SD)",1
"Pierfrancesco MAJORINO (ITA-SD)","Manuel PIZARRO (PRT-SD)",1
"Pierfrancesco MAJORINO (ITA-SD)","Adriana MALDONADO LÓPEZ (ESP-SD)",1
"Pierfrancesco MAJORINO (ITA-SD)","Luisa REGIMENTI (ITA-ID)",1
"Pierfrancesco MAJORINO (ITA-SD)","Andrea CAROPPO (ITA-EPP)",1
"Véronique TRILLET-LENOIR (FRA-RENEW)","Simone SCHMIEDTBAUER (AUT-EPP)",1
"Véronique TRILLET-LENOIR (FRA-RENEW)","Adriana MALDONADO LÓPEZ (ESP-SD)",1
"Véronique TRILLET-LENOIR (FRA-RENEW)","Álvaro AMARO (PRT-EPP)",1
"Laura HUHTASAARI (FIN-ID)","Teuvo HAKKARAINEN (FIN-ID)",1
"Laura HUHTASAARI (FIN-ID)","Roman HAIDER (AUT-ID)",1
"Hélène LAPORTE (FRA-ID)","Marco DREOSTO (ITA-ID)",1
"Hélène LAPORTE (FRA-ID)","Jérôme RIVIÈRE (FRA-ID)",1
"Hélène LAPORTE (FRA-ID)","Carlo CALENDA (ITA-SD)",1
"Hélène LAPORTE (FRA-ID)","Hervé JUVIN (FRA-ID)",1
"Hélène LAPORTE (FRA-ID)","Virginie JORON (FRA-ID)",1
"Hélène LAPORTE (FRA-ID)","Bettina VOLLATH (AUT-SD)",1
"Hélène LAPORTE (FRA-ID)","Gilbert COLLARD (FRA-ID)",1
"Hélène LAPORTE (FRA-ID)","Andrea CAROPPO (ITA-EPP)",1
"Hélène LAPORTE (FRA-ID)","Jean-Lin LACAPELLE (FRA-ID)",1
"Pietro FIOCCHI (ITA-ECR)","Nicola PROCACCINI (ITA-ECR)",1
"Pietro FIOCCHI (ITA-ECR)","Raffaele STANCANELLI (ITA-ECR)",1
"Pietro FIOCCHI (ITA-ECR)","Vincenzo SOFO (ITA-ECR)",1
"Pietro FIOCCHI (ITA-ECR)","Dominik TARCZYŃSKI (POL-ECR)",1
"Gianantonio DA RE (ITA-ID)","Alessandra BASSO (ITA-ID)",1
"Gianantonio DA RE (ITA-ID)","Elena LIZZI (ITA-ID)",1
"Gianantonio DA RE (ITA-ID)","Rosanna CONTE (ITA-ID)",1
"Gianantonio DA RE (ITA-ID)","Susanna CECCARDI (ITA-ID)",1
"Gianantonio DA RE (ITA-ID)","Antonio Maria RINALDI (ITA-ID)",1
"Gianantonio DA RE (ITA-ID)","Anna BONFRISCO (ITA-ID)",1
"Gianantonio DA RE (ITA-ID)","Simona BALDASSARRE (ITA-ID)",1
"Gianantonio DA RE (ITA-ID)","Valentino GRANT (ITA-ID)",1
"Gianantonio DA RE (ITA-ID)","Annalisa TARDINO (ITA-ID)",1
"Gianantonio DA RE (ITA-ID)","Matteo ADINOLFI (ITA-ID)",1
"Alessandra BASSO (ITA-ID)","Elena LIZZI (ITA-ID)",1
"Alessandra BASSO (ITA-ID)","Rosanna CONTE (ITA-ID)",1
"Alessandra BASSO (ITA-ID)","Susanna CECCARDI (ITA-ID)",1
"Alessandra BASSO (ITA-ID)","Antonio Maria RINALDI (ITA-ID)",1
"Alessandra BASSO (ITA-ID)","Anna BONFRISCO (ITA-ID)",1
"Alessandra BASSO (ITA-ID)","Massimo CASANOVA (ITA-ID)",1
"Alessandra BASSO (ITA-ID)","Valentino GRANT (ITA-ID)",1
"Alessandra BASSO (ITA-ID)","Annalisa TARDINO (ITA-ID)",1
"Alessandra BASSO (ITA-ID)","Matteo ADINOLFI (ITA-ID)",1
"Elena LIZZI (ITA-ID)","Rosanna CONTE (ITA-ID)",1
"Elena LIZZI (ITA-ID)","Susanna CECCARDI (ITA-ID)",1
"Elena LIZZI (ITA-ID)","Antonio Maria RINALDI (ITA-ID)",1
"Elena LIZZI (ITA-ID)","Anna BONFRISCO (ITA-ID)",1
"Elena LIZZI (ITA-ID)","Simona BALDASSARRE (ITA-ID)",1
"Elena LIZZI (ITA-ID)","Massimo CASANOVA (ITA-ID)",1
"Elena LIZZI (ITA-ID)","Valentino GRANT (ITA-ID)",1
"Elena LIZZI (ITA-ID)","Annalisa TARDINO (ITA-ID)",1
"Elena LIZZI (ITA-ID)","Matteo ADINOLFI (ITA-ID)",1
"Marco DREOSTO (ITA-ID)","Bettina VOLLATH (AUT-SD)",1
"Marco DREOSTO (ITA-ID)","Anna BONFRISCO (ITA-ID)",1
"Marco DREOSTO (ITA-ID)","Simona BALDASSARRE (ITA-ID)",1
"Marco DREOSTO (ITA-ID)","Luisa REGIMENTI (ITA-ID)",1
"Marco DREOSTO (ITA-ID)","Massimo CASANOVA (ITA-ID)",1
"Marco DREOSTO (ITA-ID)","Andrea CAROPPO (ITA-EPP)",1
"Marco DREOSTO (ITA-ID)","Valentino GRANT (ITA-ID)",1
"Marco DREOSTO (ITA-ID)","Matteo ADINOLFI (ITA-ID)",1
"Jérôme RIVIÈRE (FRA-ID)","Thierry MARIANI (FRA-ID)",1
"Jérôme RIVIÈRE (FRA-ID)","Hervé JUVIN (FRA-ID)",1
"Jérôme RIVIÈRE (FRA-ID)","Virginie JORON (FRA-ID)",1
"Jérôme RIVIÈRE (FRA-ID)","Jean-Paul GARRAUD (FRA-ID)",1
"Jérôme RIVIÈRE (FRA-ID)","Maxette PIRBAKAS (FRA-ID)",1
"Jérôme RIVIÈRE (FRA-ID)","Aurélia BEIGNEUX (FRA-ID)",1
"Jérôme RIVIÈRE (FRA-ID)","Gilbert COLLARD (FRA-ID)",1
"Jérôme RIVIÈRE (FRA-ID)","Philippe OLIVIER (FRA-ID)",1
"Jérôme RIVIÈRE (FRA-ID)","Mathilde ANDROUËT (FRA-ID)",1
"Jérôme RIVIÈRE (FRA-ID)","Jean-Lin LACAPELLE (FRA-ID)",1
"Rosanna CONTE (ITA-ID)","Susanna CECCARDI (ITA-ID)",1
"Rosanna CONTE (ITA-ID)","Antonio Maria RINALDI (ITA-ID)",1
"Rosanna CONTE (ITA-ID)","Anna BONFRISCO (ITA-ID)",1
"Rosanna CONTE (ITA-ID)","Simona BALDASSARRE (ITA-ID)",1
"Rosanna CONTE (ITA-ID)","Valentino GRANT (ITA-ID)",1
"Rosanna CONTE (ITA-ID)","Annalisa TARDINO (ITA-ID)",1
"Rosanna CONTE (ITA-ID)","Matteo ADINOLFI (ITA-ID)",1
"Carlo CALENDA (ITA-SD)","Simone SCHMIEDTBAUER (AUT-EPP)",1
"Carlo CALENDA (ITA-SD)","Bettina VOLLATH (AUT-SD)",1
"Carlo CALENDA (ITA-SD)","Pernando BARRENA ARZA (ESP-GUE_NGL)",1
"Carlo CALENDA (ITA-SD)","Manuel PIZARRO (PRT-SD)",1
"Carlo CALENDA (ITA-SD)","Adriana MALDONADO LÓPEZ (ESP-SD)",1
"Carlo CALENDA (ITA-SD)","Álvaro AMARO (PRT-EPP)",1
"Carlo CALENDA (ITA-SD)","Andrea CAROPPO (ITA-EPP)",1
"Thierry MARIANI (FRA-ID)","Hervé JUVIN (FRA-ID)",1
"Thierry MARIANI (FRA-ID)","Virginie JORON (FRA-ID)",1
"Thierry MARIANI (FRA-ID)","Jean-Paul GARRAUD (FRA-ID)",1
"Thierry MARIANI (FRA-ID)","Aurélia BEIGNEUX (FRA-ID)",1
"Thierry MARIANI (FRA-ID)","Philippe OLIVIER (FRA-ID)",1
"Thierry MARIANI (FRA-ID)","André ROUGÉ (FRA-ID)",1
"Thierry MARIANI (FRA-ID)","Mathilde ANDROUËT (FRA-ID)",1
"Thierry MARIANI (FRA-ID)","Jean-Lin LACAPELLE (FRA-ID)",1
"Hervé JUVIN (FRA-ID)","Virginie JORON (FRA-ID)",1
"Hervé JUVIN (FRA-ID)","Jean-Paul GARRAUD (FRA-ID)",1
"Hervé JUVIN (FRA-ID)","Aurélia BEIGNEUX (FRA-ID)",1
"Hervé JUVIN (FRA-ID)","Gilbert COLLARD (FRA-ID)",1
"Hervé JUVIN (FRA-ID)","Philippe OLIVIER (FRA-ID)",1
"Hervé JUVIN (FRA-ID)","André ROUGÉ (FRA-ID)",1
"Hervé JUVIN (FRA-ID)","Mathilde ANDROUËT (FRA-ID)",1
"Hervé JUVIN (FRA-ID)","Jean-Lin LACAPELLE (FRA-ID)",1
"Virginie JORON (FRA-ID)","Jean-Paul GARRAUD (FRA-ID)",1
"Virginie JORON (FRA-ID)","Aurélia BEIGNEUX (FRA-ID)",1
"Virginie JORON (FRA-ID)","Philippe OLIVIER (FRA-ID)",1
"Virginie JORON (FRA-ID)","André ROUGÉ (FRA-ID)",1
"Virginie JORON (FRA-ID)","Mathilde ANDROUËT (FRA-ID)",1
"Virginie JORON (FRA-ID)","Jean-Lin LACAPELLE (FRA-ID)",1
"Jean-Paul GARRAUD (FRA-ID)","Aurélia BEIGNEUX (FRA-ID)",1
"Jean-Paul GARRAUD (FRA-ID)","Philippe OLIVIER (FRA-ID)",1
"Jean-Paul GARRAUD (FRA-ID)","André ROUGÉ (FRA-ID)",1
"Jean-Paul GARRAUD (FRA-ID)","Mathilde ANDROUËT (FRA-ID)",1
"Jean-Paul GARRAUD (FRA-ID)","Jean-Lin LACAPELLE (FRA-ID)",1
"Simone SCHMIEDTBAUER (AUT-EPP)","Adriana MALDONADO LÓPEZ (ESP-SD)",1
"Simone SCHMIEDTBAUER (AUT-EPP)","Álvaro AMARO (PRT-EPP)",1
"Bettina VOLLATH (AUT-SD)","Pernando BARRENA ARZA (ESP-GUE_NGL)",1
"Bettina VOLLATH (AUT-SD)","Manuel PIZARRO (PRT-SD)",1
"Bettina VOLLATH (AUT-SD)","Adriana MALDONADO LÓPEZ (ESP-SD)",1
"Bettina VOLLATH (AUT-SD)","Álvaro AMARO (PRT-EPP)",1
"Bettina VOLLATH (AUT-SD)","Andrea CAROPPO (ITA-EPP)",1
"Aurélia BEIGNEUX (FRA-ID)","Philippe OLIVIER (FRA-ID)",1
"Aurélia BEIGNEUX (FRA-ID)","André ROUGÉ (FRA-ID)",1
"Aurélia BEIGNEUX (FRA-ID)","Mathilde ANDROUËT (FRA-ID)",1
"Aurélia BEIGNEUX (FRA-ID)","Jean-Lin LACAPELLE (FRA-ID)",1
"Sira REGO (ESP-GUE_NGL)","Pernando BARRENA ARZA (ESP-GUE_NGL)",1
"Sira REGO (ESP-GUE_NGL)","Eugenia RODRÍGUEZ PALOP (ESP-GUE_NGL)",1
"Sira REGO (ESP-GUE_NGL)","Idoia VILLANUEVA RUIZ (ESP-GUE_NGL)",1
"Sira REGO (ESP-GUE_NGL)","Manu PINEDA (ESP-GUE_NGL)",1
"Pernando BARRENA ARZA (ESP-GUE_NGL)","Manuel PIZARRO (PRT-SD)",1
"Pernando BARRENA ARZA (ESP-GUE_NGL)","Eugenia RODRÍGUEZ PALOP (ESP-GUE_NGL)",1
"Pernando BARRENA ARZA (ESP-GUE_NGL)","Idoia VILLANUEVA RUIZ (ESP-GUE_NGL)",1
"Pernando BARRENA ARZA (ESP-GUE_NGL)","Manu PINEDA (ESP-GUE_NGL)",1
"Philippe OLIVIER (FRA-ID)","André ROUGÉ (FRA-ID)",1
"Philippe OLIVIER (FRA-ID)","Mathilde ANDROUËT (FRA-ID)",1
"Philippe OLIVIER (FRA-ID)","Jean-Lin LACAPELLE (FRA-ID)",1
"André ROUGÉ (FRA-ID)","Mathilde ANDROUËT (FRA-ID)",1
"André ROUGÉ (FRA-ID)","Jean-Lin LACAPELLE (FRA-ID)",1
"Mathilde ANDROUËT (FRA-ID)","Jean-Lin LACAPELLE (FRA-ID)",1
"Elena KOUNTOURA (GRC-GUE_NGL)","Konstantinos ARVANITIS (GRC-GUE_NGL)",1
"Elena KOUNTOURA (GRC-GUE_NGL)","Alexis GEORGOULIS (GRC-GUE_NGL)",1
"Konstantinos ARVANITIS (GRC-GUE_NGL)","Alexis GEORGOULIS (GRC-GUE_NGL)",1
"Robert ROOS (NLD-ECR)","Rob ROOKEN (NLD-ECR)",1
"Robert ROOS (NLD-ECR)","Roman HAIDER (AUT-ID)",1
"Robert ROOS (NLD-ECR)","Michiel HOOGEVEEN (NLD-ECR)",1
"Clare DALY (IRL-GUE_NGL)","Eugenia RODRÍGUEZ PALOP (ESP-GUE_NGL)",1
"Clare DALY (IRL-GUE_NGL)","Mick WALLACE (IRL-GUE_NGL)",1
"Clare DALY (IRL-GUE_NGL)","Idoia VILLANUEVA RUIZ (ESP-GUE_NGL)",1
"Manuel PIZARRO (PRT-SD)","Adriana MALDONADO LÓPEZ (ESP-SD)",1
"Manuel PIZARRO (PRT-SD)","Álvaro AMARO (PRT-EPP)",1
"Manuel PIZARRO (PRT-SD)","Andrea CAROPPO (ITA-EPP)",1
"Adriana MALDONADO LÓPEZ (ESP-SD)","Álvaro AMARO (PRT-EPP)",1
"Adriana MALDONADO LÓPEZ (ESP-SD)","Franco ROBERTI (ITA-SD)",1
"Tineke STRIK (NLD-GREEN_EFA)","Kim VAN SPARRENTAK (NLD-GREEN_EFA)",1
"Bert-Jan RUISSEN (NLD-ECR)","Jorge BUXADÉ VILLALBA (ESP-ECR)",1
"Bert-Jan RUISSEN (NLD-ECR)","Hermann TERTSCH (ESP-ECR)",1
"Bert-Jan RUISSEN (NLD-ECR)","Mazaly AGUILAR (ESP-ECR)",1
"Bert-Jan RUISSEN (NLD-ECR)","Margarita DE LA PISA CARRIÓN (ESP-ECR)",1
"Rob ROOKEN (NLD-ECR)","Michiel HOOGEVEEN (NLD-ECR)",1
"Eugenia RODRÍGUEZ PALOP (ESP-GUE_NGL)","Mick WALLACE (IRL-GUE_NGL)",1
"Eugenia RODRÍGUEZ PALOP (ESP-GUE_NGL)","Idoia VILLANUEVA RUIZ (ESP-GUE_NGL)",1
"Eugenia RODRÍGUEZ PALOP (ESP-GUE_NGL)","Manu PINEDA (ESP-GUE_NGL)",1
"Susanna CECCARDI (ITA-ID)","Antonio Maria RINALDI (ITA-ID)",1
"Susanna CECCARDI (ITA-ID)","Anna BONFRISCO (ITA-ID)",1
"Susanna CECCARDI (ITA-ID)","Massimo CASANOVA (ITA-ID)",1
"Susanna CECCARDI (ITA-ID)","Valentino GRANT (ITA-ID)",1
"Susanna CECCARDI (ITA-ID)","Annalisa TARDINO (ITA-ID)",1
"Susanna CECCARDI (ITA-ID)","Matteo ADINOLFI (ITA-ID)",1
"Antonio Maria RINALDI (ITA-ID)","Anna BONFRISCO (ITA-ID)",1
"Antonio Maria RINALDI (ITA-ID)","Simona BALDASSARRE (ITA-ID)",1
"Antonio Maria RINALDI (ITA-ID)","Valentino GRANT (ITA-ID)",1
"Antonio Maria RINALDI (ITA-ID)","Annalisa TARDINO (ITA-ID)",1
"Antonio Maria RINALDI (ITA-ID)","Matteo ADINOLFI (ITA-ID)",1
"Anna BONFRISCO (ITA-ID)","Simona BALDASSARRE (ITA-ID)",1
"Anna BONFRISCO (ITA-ID)","Massimo CASANOVA (ITA-ID)",1
"Anna BONFRISCO (ITA-ID)","Valentino GRANT (ITA-ID)",1
"Anna BONFRISCO (ITA-ID)","Matteo ADINOLFI (ITA-ID)",1
"Simona BALDASSARRE (ITA-ID)","Luisa REGIMENTI (ITA-ID)",1
"Simona BALDASSARRE (ITA-ID)","Massimo CASANOVA (ITA-ID)",1
"Simona BALDASSARRE (ITA-ID)","Andrea CAROPPO (ITA-EPP)",1
"Simona BALDASSARRE (ITA-ID)","Valentino GRANT (ITA-ID)",1
"Simona BALDASSARRE (ITA-ID)","Annalisa TARDINO (ITA-ID)",1
"Simona BALDASSARRE (ITA-ID)","Matteo ADINOLFI (ITA-ID)",1
"Luisa REGIMENTI (ITA-ID)","Andrea CAROPPO (ITA-EPP)",1
"Massimo CASANOVA (ITA-ID)","Valentino GRANT (ITA-ID)",1
"Valentino GRANT (ITA-ID)","Matteo ADINOLFI (ITA-ID)",1
"Annalisa TARDINO (ITA-ID)","Matteo ADINOLFI (ITA-ID)",1
"Mick WALLACE (IRL-GUE_NGL)","Idoia VILLANUEVA RUIZ (ESP-GUE_NGL)",1
"Nicola PROCACCINI (ITA-ECR)","Raffaele STANCANELLI (ITA-ECR)",1
"Nicola PROCACCINI (ITA-ECR)","Vincenzo SOFO (ITA-ECR)",1
"Raffaele STANCANELLI (ITA-ECR)","Vincenzo SOFO (ITA-ECR)",1
"Idoia VILLANUEVA RUIZ (ESP-GUE_NGL)","Manu PINEDA (ESP-GUE_NGL)",1
"Jorge BUXADÉ VILLALBA (ESP-ECR)","Hermann TERTSCH (ESP-ECR)",1
"Jorge BUXADÉ VILLALBA (ESP-ECR)","Mazaly AGUILAR (ESP-ECR)",1
"Jorge BUXADÉ VILLALBA (ESP-ECR)","Margarita DE LA PISA CARRIÓN (ESP-ECR)",1
"Hermann TERTSCH (ESP-ECR)","Mazaly AGUILAR (ESP-ECR)",1
"Hermann TERTSCH (ESP-ECR)","Margarita DE LA PISA CARRIÓN (ESP-ECR)",1
"Andrey SLABAKOV (BGR-ECR)","Emmanouil FRAGKOS (GRC-ECR)",1
"Mazaly AGUILAR (ESP-ECR)","Margarita DE LA PISA CARRIÓN (ESP-ECR)",1
"Karolin BRAUNSBERGER-REINHOLD (DEU-EPP)","Ilan DE BASSO (SWE-SD)",1
"Karolin BRAUNSBERGER-REINHOLD (DEU-EPP)","Catharina RINZEMA (NLD-RENEW)",1
"Karolin BRAUNSBERGER-REINHOLD (DEU-EPP)","René REPASI (DEU-SD)",1
"Karolin BRAUNSBERGER-REINHOLD (DEU-EPP)","Camilla LAURETI (ITA-SD)",1
"Ilan DE BASSO (SWE-SD)","Catharina RINZEMA (NLD-RENEW)",1
"Ilan DE BASSO (SWE-SD)","René REPASI (DEU-SD)",1
"Ilan DE BASSO (SWE-SD)","Camilla LAURETI (ITA-SD)",1
"Catharina RINZEMA (NLD-RENEW)","René REPASI (DEU-SD)",1
"Catharina RINZEMA (NLD-RENEW)","Camilla LAURETI (ITA-SD)",1
"René REPASI (DEU-SD)","Camilla LAURETI (ITA-SD)",1
